alternativa;eixos;alturas;arranjo;area_ctrl_km2;pct_bacia;V_util_hm3;area_alagada_km2;pico_2024_com;reducao_pct;saturou;custo_MRS;EAD_sem_MRS;EAD_com_MRS;benef_anual_MRS;VPL_benef_MRS;VPL_custo_MRS;VPL_liq_MRS;BC
B1-80m-seca;B1;80;seca;15457;79,5;1600;46,8;13788;23,4;TRUE;1125;312,6;95,7;217;3420;1267;2153;2,7
B1-90m-seca;B1;90;seca;15457;79,5;1977;54;8516;52,7;FALSE;1431;312,6;62;250,6;3950;1611;2339;2,45
B1-70m-seca;B1;70;seca;15457;79,5;1166;40;17113;4,9;TRUE;865;312,6;167,7;145;2285;974;1311;2,35
B3-90m-seca;B3;90;seca;12774;65,7;1287;34,2;14028;22,1;TRUE;1250;312,6;115,5;197,1;3107;1407;1700;2,21
B3-90m+B2-30m-seca;B3+B2;90/30;seca;15336;78,9;1319;36,6;14068;21,8;TRUE;1320;312,6;115,9;196,8;3102;1487;1615;2,09
B1-100m-seca;B1;100;seca;15457;79,5;2079;63;8286;54;FALSE;1790;312,6;52,4;260,2;4102;2016;2086;2,03
B3-80m-seca;B3;80;seca;12774;65,7;970;29,4;17113;4,9;TRUE;980;312,6;172,9;139,8;2203;1104;1099;2
B3-90m+B2-40m-seca;B3+B2;90/40;seca;15336;78,9;1349;37,9;14084;21,8;TRUE;1376;312,6;115,6;197;3105;1549;1556;2
B3-100m-seca;B3;100;seca;12774;65,7;1583;39,7;10145;43,6;FALSE;1568;312,6;90,2;222,4;3506;1766;1740;1,99
B3-100m+B2-30m-seca;B3+B2;100/30;seca;15336;78,9;1615;42,1;10145;43,6;TRUE;1639;312,6;90,3;222,3;3504;1845;1659;1,9
B3-80m+B2-30m-seca;B3+B2;80/30;seca;15336;78,9;1002;31,8;17113;4,9;TRUE;1051;312,6;173,4;139,3;2195;1184;1012;1,85
B3-100m+B2-40m-seca;B3+B2;100/40;seca;15336;78,9;1645;43,4;10156;43,6;FALSE;1694;312,6;90,1;222,5;3507;1907;1600;1,84
B3-80m+B2-40m-seca;B3+B2;80/40;seca;15336;78,9;1031;33,1;17142;4,8;TRUE;1106;312,6;173,3;139,4;2197;1246;951;1,76
B1-110m-seca;B1;110;seca;15457;79,5;2145;71,7;8087;55,1;FALSE;2194;312,6;46,3;266,4;4199;2470;1728;1,7
B3-110m-seca;B3;110;seca;12774;65,7;1693;45,3;9976;44,6;FALSE;1936;312,6;81,8;230,9;3639;2180;1459;1,67
B3-110m+B2-30m-seca;B3+B2;110/30;seca;15336;78,9;1725;47,7;9976;44,6;TRUE;2006;312,6;81,9;230,7;3636;2259;1377;1,61
B3-110m+B2-40m-seca;B3+B2;110/40;seca;15336;78,9;1755;49;9987;44,5;FALSE;2062;312,6;81,7;231;3641;2322;1319;1,57
B3-70m-seca;B3;70;seca;12774;65,7;704;24,2;17973;0,2;TRUE;748;312,6;230,1;82,6;1302;842;460;1,55
B3-90m+B2-50m-seca;B3+B2;90/50;seca;15336;78,9;1383;39,2;14068;21,8;TRUE;1789;312,6;115;197,7;3115;2014;1101;1,55
B3-100m+B2-50m-seca;B3+B2;100/50;seca;15336;78,9;1679;44,7;10154;43,6;FALSE;2107;312,6;89,6;223,1;3516;2372;1144;1,48
B1-60m-seca;B1;60;seca;15457;79,5;798;33,5;18000;0;TRUE;644;312,6;246,6;66;1041;725;316;1,44
B1-120m-seca;B1;120;seca;15457;79,5;2204;80,9;7912;56;FALSE;2649;312,6;41,1;271,5;4280;2983;1296;1,43
B3-120m-seca;B3;120;seca;12774;65,7;1744;51,8;9827;45,4;FALSE;2363;312,6;76,3;236,3;3725;2661;1064;1,4
B3-70m+B2-30m-seca;B3+B2;70/30;seca;15336;78,9;736;26,6;17973;0,2;TRUE;818;312,6;230,7;82;1292;921;371;1,4
B3-90m+B2-60m-seca;B3+B2;90/60;seca;15336;78,9;1437;40,7;14078;21,8;TRUE;2055;312,6;108,2;204,5;3223;2314;909;1,39
B3-100m+B2-60m-seca;B3+B2;100/60;seca;15336;78,9;1733;46,2;10133;43,7;FALSE;2373;312,6;82,6;230,1;3626;2672;954;1,36
B3-120m+B2-30m-seca;B3+B2;120/30;seca;15336;78,9;1776;54,2;9827;45,4;TRUE;2434;312,6;76,4;236,2;3723;2740;983;1,36
B3-120m+B2-40m-seca;B3+B2;120/40;seca;15336;78,9;1805;55,5;9838;45,3;FALSE;2489;312,6;76,2;236,5;3727;2803;925;1,33
B3-70m+B2-40m-seca;B3+B2;70/40;seca;15336;78,9;766;27,9;17973;0,1;TRUE;874;312,6;230,4;82,3;1297;984;313;1,32
B3-110m+B2-50m-seca;B3+B2;110/50;seca;15336;78,9;1790;50,3;9985;44,5;FALSE;2475;312,6;81,1;231,5;3649;2787;862;1,31
B3-80m+B2-50m-seca;B3+B2;80/50;seca;15336;78,9;1066;34,4;17135;4,8;TRUE;1519;312,6;172,5;140,1;2209;1711;498;1,29
B3-90m+B2-70m-seca;B3+B2;90/70;seca;15336;78,9;1504;42,3;14088;21,7;TRUE;2394;312,6;101,2;211,4;3332;2696;636;1,24
B3-100m+B2-70m-seca;B3+B2;100/70;seca;15336;78,9;1801;47,8;9730;45,9;FALSE;2712;312,6;72,2;240,4;3790;3054;736;1,24
B3-110m+B2-60m-seca;B3+B2;110/60;seca;15336;78,9;1843;51,8;9962;44,7;FALSE;2740;312,6;74,3;238,4;3757;3086;671;1,22
B1-120m-convencional;B1;120;convencional;15457;79,5;2549;80,9;11195;37,8;FALSE;2649;312,6;94,4;218,2;3440;2983;456;1,15
B3-80m+B2-60m-seca;B3+B2;80/60;seca;15336;78,9;1120;35,9;17138;4,8;TRUE;1785;312,6;166,3;146,4;2307;2010;297;1,15
B3-120m+B2-50m-seca;B3+B2;120/50;seca;15336;78,9;1840;56,8;9836;45,4;FALSE;2902;312,6;75,6;237;3736;3268;468;1,14
B3-110m+B2-70m-seca;B3+B2;110/70;seca;15336;78,9;1911;53,4;9551;46,9;FALSE;3080;312,6;63,8;248,8;3922;3468;454;1,13
B3-90m+B2-80m-seca;B3+B2;90/80;seca;15336;78,9;1585;44,3;13069;27,4;TRUE;2812;312,6;91,3;221,3;3489;3167;321;1,1
B3-100m+B2-80m-seca;B3+B2;100/80;seca;15336;78,9;1881;49,8;8966;50,2;FALSE;3131;312,6;66,4;246,3;3882;3525;356;1,1
B3-120m+B2-60m-seca;B3+B2;120/60;seca;15336;78,9;1894;58,2;9810;45,5;FALSE;3168;312,6;68,9;243,7;3841;3567;274;1,08
B3-80m+B2-70m-seca;B3+B2;80/70;seca;15336;78,9;1187;37,5;16170;10,2;TRUE;2124;312,6;150,1;162,6;2562;2392;170;1,07
B3-110m+B2-80m-seca;B3+B2;110/80;seca;15336;78,9;1991;55,4;8467;53;FALSE;3498;312,6;56,6;256;4035;3940;96;1,02
B3-120m+B2-70m-seca;B3+B2;120/70;seca;15336;78,9;1961;59,8;9393;47,8;FALSE;3507;312,6;58,8;253,9;4002;3949;52;1,01
B1-110m-convencional;B1;110;convencional;15457;79,5;2188;71,7;13171;26,8;FALSE;2194;312,6;156,5;156,2;2462;2470;-8;1
B3-100m+B2-90m-seca;B3+B2;100/90;seca;15336;78,9;1925;51,8;8597;52,2;FALSE;3627;312,6;63,4;249,3;3929;4084;-155;0,96
B3-80m+B2-80m-seca;B3+B2;80/80;seca;15336;78,9;1267;39,5;15700;12,8;TRUE;2543;312,6;141,9;170,7;2691;2864;-173;0,94
B3-90m+B2-90m-seca;B3+B2;90/90;seca;15336;78,9;1629;46,3;13024;27,6;TRUE;3309;312,6;89,7;222,9;3514;3726;-212;0,94
B3-120m+B2-80m-seca;B3+B2;120/80;seca;15336;78,9;2041;61,9;8314;53,8;FALSE;3926;312,6;51,9;260,8;4111;4421;-310;0,93
B3-70m+B2-50m-seca;B3+B2;70/50;seca;15336;78,9;801;29,2;17974;0,1;TRUE;1286;312,6;229,6;83;1309;1449;-140;0,9
B3-110m+B2-90m-seca;B3+B2;110/90;seca;15336;78,9;2035;57,4;8424;53,2;FALSE;3995;312,6;55;257,6;4061;4499;-438;0,9
B3-70m+B2-70m-seca;B3+B2;70/70;seca;15336;78,9;922;32,3;16450;8,6;TRUE;1892;312,6;195,7;116,9;1843;2130;-287;0,87
B3-100m+B2-100m-seca;B3+B2;100/100;seca;15336;78,9;1937;54;8560;52,4;FALSE;4204;312,6;62,2;250,5;3948;4734;-785;0,83
B3-120m+B2-90m-seca;B3+B2;120/90;seca;15336;78,9;2085;63,9;8271;54;FALSE;4422;312,6;50,3;262,4;4135;4980;-844;0,83
B3-60m-seca;B3;60;seca;12774;65,7;481;20,5;18000;0;TRUE;559;312,6;279,7;32,9;519;629;-110;0,82
B3-90m+B2-100m-seca;B3+B2;90/100;seca;15336;78,9;1641;48,5;12984;27,9;TRUE;3885;312,6;88,3;224,3;3536;4375;-840;0,81
B3-70m+B2-60m-seca;B3+B2;70/60;seca;15336;78,9;854;30,7;17751;1,4;TRUE;1552;312,6;224,8;87,8;1384;1748;-364;0,79
B3-80m+B2-90m-seca;B3+B2;80/90;seca;15336;78,9;1311;41,5;15657;13;TRUE;3040;312,6;140;172,6;2721;3423;-702;0,79
B3-110m+B2-100m-seca;B3+B2;110/100;seca;15336;78,9;2047;59,6;8387;53,4;FALSE;4571;312,6;53,8;258,8;4079;5148;-1069;0,79
B1-100m-convencional;B1;100;convencional;15457;79,5;1844;63;14846;17,5;FALSE;1790;312,6;212,7;100;1576;2016;-440;0,78
B1-50m-seca;B1;50;seca;15457;79,5;497;26,6;18000;0;TRUE;458;312,6;288,3;24,3;383;516;-132;0,74
B3-120m+B2-100m-seca;B3+B2;120/100;seca;15336;78,9;2098;66;8235;54,3;FALSE;4998;312,6;49,2;263,5;4153;5629;-1476;0,74
B3-60m+B2-30m-seca;B3+B2;60/30;seca;15336;78,9;513;22,9;18000;0;TRUE;629;312,6;279,7;33;519;709;-189;0,73
B3-70m+B2-80m-seca;B3+B2;70/80;seca;15336;78,9;1002;34,3;16402;8,9;TRUE;2310;312,6;192,5;120,2;1894;2602;-707;0,73
B3-100m+B2-110m-seca;B3+B2;100/110;seca;15336;78,9;1948;56;8528;52,6;FALSE;4861;312,6;61,1;251,6;3965;5474;-1508;0,72
B2-30m-seca;B2;30;seca;2562;13,2;32;2,4;18000;0;TRUE;71;312,6;309,1;3,6;57;80;-23;0,71
B3-110m+B2-110m-seca;B3+B2;110/110;seca;15336;78,9;2058;61,6;8355;53,6;FALSE;5228;312,6;52,8;259,8;4095;5888;-1793;0,7
B3-90m+B2-110m-seca;B3+B2;90/110;seca;15336;78,9;1652;50,6;12950;28,1;TRUE;4543;312,6;87,1;225,6;3555;5115;-1560;0,69
B3-60m+B2-40m-seca;B3+B2;60/40;seca;15336;78,9;542;24,2;17992;0;TRUE;685;312,6;279,2;33,5;527;771;-243;0,68
B3-80m+B2-100m-seca;B3+B2;80/100;seca;15336;78,9;1324;43,7;15619;13,2;TRUE;3616;312,6;138,4;174,3;2747;4072;-1325;0,67
B2-70m-seca;B2;70;seca;2562;13,2;218;8,1;16463;8,5;FALSE;1144;312,6;259,1;53,5;844;1288;-445;0,65
B3-120m+B2-110m-seca;B3+B2;120/110;seca;15336;78,9;2108;68,1;8203;54,4;FALSE;5656;312,6;48,2;264,4;4168;6369;-2201;0,65
B3-60m+B2-70m-seca;B3+B2;60/70;seca;15336;78,9;698;28,6;16463;8,5;TRUE;1703;312,6;234,9;77,8;1226;1917;-692;0,64
B3-100m+B2-120m-seca;B3+B2;100/120;seca;15336;78,9;1958;59,4;8500;52,8;FALSE;5610;312,6;60,1;252,5;3980;6318;-2337;0,63
B2-60m-seca;B2;60;seca;2562;13,2;150;6,5;17751;1,4;FALSE;805;312,6;277,2;35,4;558;906;-348;0,62
B3-60m+B2-60m-seca;B3+B2;60/60;seca;15336;78,9;631;27;17751;1,4;TRUE;1363;312,6;252,9;59,8;942;1535;-593;0,61
B3-70m+B2-90m-seca;B3+B2;70/90;seca;15336;78,9;1046;36,3;16360;9,1;TRUE;2807;312,6;190,3;122,4;1929;3161;-1232;0,61
B3-110m+B2-120m-seca;B3+B2;110/120;seca;15336;78,9;2068;65;8327;53,7;FALSE;5978;312,6;51,9;260,7;4109;6732;-2623;0,61
B3-90m+B2-120m-seca;B3+B2;90/120;seca;15336;78,9;1662;53,9;12920;28,2;TRUE;5292;312,6;86;226,6;3572;5960;-2387;0,6
B3-30m+B2-70m-seca;B3+B2;30/70;seca;15336;78,9;270;11;16463;8,5;TRUE;1272;312,6;259,2;53,5;843;1432;-589;0,59
B3-80m+B2-110m-seca;B3+B2;80/110;seca;15336;78,9;1334;45,8;15587;13,4;TRUE;4273;312,6;136,9;175,7;2769;4812;-2043;0,58
B3-120m+B2-120m-seca;B3+B2;120/120;seca;15336;78,9;2118;71,4;8175;54,6;FALSE;6405;312,6;47,3;265,3;4182;7213;-3031;0,58
B3-50m+B2-70m-seca;B3+B2;50/70;seca;15336;78,9;512;24,8;16463;8,5;TRUE;1544;312,6;249,3;63,3;998;1739;-741;0,57
B3-40m+B2-70m-seca;B3+B2;40/70;seca;15336;78,9;362;21,2;16463;8,5;TRUE;1415;312,6;255,9;56,7;894;1594;-700;0,56
B1-30m-seca;B1;30;seca;15457;79,5;175;11,9;18000;0;TRUE;179;312,6;305,6;7;111;202;-91;0,55
B1-90m-convencional;B1;90;convencional;15457;79,5;1525;54;16034;10,9;FALSE;1431;312,6;256,2;56,4;890;1611;-721;0,55
B3-120m-convencional;B3;120;convencional;12774;65,7;1565;51,8;15240;15,3;FALSE;2363;312,6;221,5;91,1;1436;2661;-1224;0,54
B3-60m+B2-80m-seca;B3+B2;60/80;seca;15336;78,9;778;30,6;16415;8,8;TRUE;2121;312,6;231,4;81,2;1281;2389;-1108;0,54
B3-30m+B2-60m-seca;B3+B2;30/60;seca;15336;78,9;203;9,4;17751;1,4;TRUE;933;312,6;277,3;35,4;558;1050;-493;0,53
B3-50m+B2-60m-seca;B3+B2;50/60;seca;15336;78,9;445;23,2;17751;1,4;TRUE;1205;312,6;267,5;45,2;712;1357;-644;0,53
B1-40m-seca;B1;40;seca;15457;79,5;312;15,5;18000;0;TRUE;280;312,6;302,5;10,1;160;316;-156;0,51
B3-50m-seca;B3;50;seca;12774;65,7;294;16,7;18000;0;TRUE;400;312,6;297,9;14,7;232;451;-219;0,51
B2-80m-seca;B2;80;seca;2562;13,2;298;10,1;16415;8,8;FALSE;1563;312,6;255,6;57,1;900;1760;-860;0,51
B3-70m+B2-100m-seca;B3+B2;70/100;seca;15336;78,9;1058;38,5;16325;9,3;TRUE;3383;312,6;188,4;124,2;1958;3810;-1851;0,51
B3-40m+B2-60m-seca;B3+B2;40/60;seca;15336;78,9;295;19,6;17751;1,4;TRUE;1076;312,6;274,1;38,6;608;1212;-604;0,5
B3-80m+B2-120m-seca;B3+B2;80/120;seca;15336;78,9;1344;49,1;15559;13,6;TRUE;5023;312,6;135,7;177;2790;5656;-2867;0,49
B3-50m+B2-80m-seca;B3+B2;50/80;seca;15336;78,9;592;26,8;16415;8,8;TRUE;1963;312,6;245,8;66,9;1054;2210;-1157;0,48
B2-40m-seca;B2;40;seca;2562;13,2;62;3,7;17992;0;FALSE;126;312,6;308,4;4,2;67;142;-75;0,47
B3-30m+B2-80m-seca;B3+B2;30/80;seca;15336;78,9;350;13;16415;8,8;TRUE;1690;312,6;255,6;57,1;900;1904;-1004;0,47
B3-40m+B2-80m-seca;B3+B2;40/80;seca;15336;78,9;442;23,2;16415;8,8;TRUE;1834;312,6;252,4;60,2;950;2065;-1116;0,46
B3-50m+B2-30m-seca;B3+B2;50/30;seca;15336;78,9;327;19,1;18000;0;TRUE;471;312,6;297,5;15,2;239;530;-291;0,45
B3-60m+B2-90m-seca;B3+B2;60/90;seca;15336;78,9;822;32,6;16374;9;TRUE;2618;312,6;229;83,6;1318;2948;-1630;0,45
B3-60m+B2-50m-seca;B3+B2;60/50;seca;15336;78,9;577;25,5;17995;0;TRUE;1098;312,6;278,4;34,2;539;1236;-697;0,44
B3-70m+B2-110m-seca;B3+B2;70/110;seca;15336;78,9;1069;40,6;16295;9,5;TRUE;4040;312,6;186,7;125,9;1985;4550;-2565;0,44
B2-110m-convencional;B2;110;convencional;2562;13,2;374;16,4;15703;12,8;FALSE;3293;312,6;211,6;101,1;1593;3708;-2115;0,43
B3-50m+B2-40m-seca;B3+B2;50/40;seca;15336;78,9;356;20,4;17992;0;TRUE;526;312,6;296,9;15,7;248;592;-344;0,42
B2-90m-seca;B2;90;seca;2562;13,2;342;12,1;16374;9;FALSE;2059;312,6;253,1;59,5;938;2319;-1380;0,4
B3-50m+B2-90m-seca;B3+B2;50/90;seca;15336;78,9;636;28,8;16374;9;TRUE;2459;312,6;243,4;69,3;1092;2769;-1677;0,39
B3-30m+B2-90m-seca;B3+B2;30/90;seca;15336;78,9;394;15;16374;9;TRUE;2187;312,6;253,1;59,5;938;2463;-1525;0,38
B3-40m+B2-90m-seca;B3+B2;40/90;seca;15336;78,9;487;25,2;16374;9;TRUE;2330;312,6;250;62,7;988;2624;-1636;0,38
B3-60m+B2-100m-seca;B3+B2;60/100;seca;15336;78,9;835;34,8;16339;9,2;TRUE;3194;312,6;227;85,6;1350;3597;-2247;0,38
B3-70m+B2-120m-seca;B3+B2;70/120;seca;15336;78,9;1079;43,9;16268;9,6;TRUE;4790;312,6;185,3;127,4;2008;5394;-3386;0,37
B1-80m-convencional;B1;80;convencional;15457;79,5;1229;46,8;16867;6,3;FALSE;1125;312,6;283,4;29,3;461;1267;-806;0,36
B3-110m-convencional;B3;110;convencional;12774;65,7;1317;45,3;16372;9;FALSE;1936;312,6;263,5;49,2;775;2180;-1404;0,36
B2-120m-convencional;B2;120;convencional;2562;13,2;459;19,7;15703;12,8;FALSE;4042;312,6;210;102,7;1619;4552;-2933;0,36
B2-30m-convencional;B2;30;convencional;2562;13,2;31;2,4;17995;0;FALSE;71;312,6;310,9;1,8;28;80;-52;0,35
B2-100m-seca;B2;100;seca;2562;13,2;354;14,3;16339;9,2;FALSE;2636;312,6;251;61,6;972;2968;-1996;0,33
B3-50m+B2-100m-seca;B3+B2;50/100;seca;15336;78,9;649;31;16339;9,2;TRUE;3036;312,6;241,3;71,4;1125;3418;-2294;0,33
B3-60m+B2-110m-seca;B3+B2;60/110;seca;15336;78,9;846;36,8;16309;9,4;TRUE;3851;312,6;225,2;87,5;1378;4337;-2959;0,32
B3-30m+B2-100m-seca;B3+B2;30/100;seca;15336;78,9;406;17,2;16339;9,2;TRUE;2763;312,6;251;61,6;971;3112;-2141;0,31
B3-40m+B2-100m-seca;B3+B2;40/100;seca;15336;78,9;499;27,4;16339;9,2;TRUE;2907;312,6;247,9;64,8;1021;3273;-2252;0,31
B3-40m-seca;B3;40;seca;12774;65,7;145;13,1;18000;0;TRUE;271;312,6;306,8;5,8;92;306;-213;0,3
B2-50m-seca;B2;50;seca;2562;13,2;97;5;17995;0;FALSE;539;312,6;301,9;10,7;169;607;-438;0,28
B3-40m+B2-30m-seca;B3+B2;40/30;seca;15336;78,9;177;15,5;18000;0;TRUE;342;312,6;305,8;6,8;107;385;-278;0,28
B3-50m+B2-110m-seca;B3+B2;50/110;seca;15336;78,9;659;33;16309;9,4;TRUE;3693;312,6;239,4;73,2;1154;4159;-3005;0,28
B1-70m-convencional;B1;70;convencional;15457;79,5;970;40;17373;3,5;FALSE;865;312,6;295,9;16,8;264;974;-710;0,27
B2-110m-seca;B2;110;seca;2562;13,2;365;16,4;16309;9,4;FALSE;3293;312,6;249,1;63,5;1001;3708;-2707;0,27
B3-40m+B2-40m-seca;B3+B2;40/40;seca;15336;78,9;207;16,9;17992;0;TRUE;397;312,6;305,1;7,6;119;447;-328;0,27
B3-60m+B2-120m-seca;B3+B2;60/120;seca;15336;78,9;855;40,2;16282;9,5;TRUE;4601;312,6;223,6;89;1404;5181;-3778;0,27
B3-30m+B2-110m-seca;B3+B2;30/110;seca;15336;78,9;417;19,2;16309;9,4;TRUE;3421;312,6;249,2;63,5;1001;3852;-2851;0,26
B3-40m+B2-110m-seca;B3+B2;40/110;seca;15336;78,9;510;29,5;16309;9,4;TRUE;3564;312,6;246;66,6;1050;4014;-2963;0,26
B3-50m+B2-50m-seca;B3+B2;50/50;seca;15336;78,9;391;21,7;17995;0;TRUE;939;312,6;295;17,7;278;1057;-779;0,26
B3-30m+B2-30m-seca;B3+B2;30/30;seca;15336;78,9;84;5,3;18000;0;TRUE;198;312,6;309,1;3,5;56;224;-168;0,25
B3-40m+B2-50m-seca;B3+B2;40/50;seca;15336;78,9;241;18,1;17995;0;TRUE;810;312,6;298,7;14;221;912;-692;0,24
B3-50m+B2-120m-seca;B3+B2;50/120;seca;15336;78,9;669;36,4;16282;9,5;TRUE;4442;312,6;237,8;74,9;1180;5003;-3823;0,24
B3-100m-convencional;B3;100;convencional;12774;65,7;1101;39,7;17072;5,2;FALSE;1568;312,6;286,9;25,7;406;1766;-1360;0,23
B2-120m-seca;B2;120;seca;2562;13,2;375;19,7;16282;9,5;FALSE;4042;312,6;247,5;65,1;1027;4552;-3525;0,23
B3-30m+B2-40m-seca;B3+B2;30/40;seca;15336;78,9;114;6,6;17992;0;TRUE;254;312,6;308,5;4,2;66;286;-220;0,23
B1-60m-convencional;B1;60;convencional;15457;79,5;741;33,5;17599;2,2;FALSE;644;312,6;302,6;10;158;725;-567;0,22
B3-30m+B2-50m-seca;B3+B2;30/50;seca;15336;78,9;149;7,9;17995;0;TRUE;667;312,6;302;10,7;168;751;-582;0,22
B3-30m+B2-120m-seca;B3+B2;30/120;seca;15336;78,9;427;22,6;16282;9,5;TRUE;4170;312,6;247,5;65,1;1027;4696;-3670;0,22
B3-40m+B2-120m-seca;B3+B2;40/120;seca;15336;78,9;519;32,8;16282;9,5;TRUE;4314;312,6;244,4;68,3;1076;4858;-3781;0,22
B2-40m-convencional;B2;40;convencional;2562;13,2;46;3,7;17994;0;FALSE;126;312,6;310,9;1,8;28;142;-114;0,2
B2-100m-convencional;B2;100;convencional;2562;13,2;300;14,3;17005;5,5;FALSE;2636;312,6;275,2;37,5;591;2968;-2377;0,2
B3-30m-convencional;B3;30;convencional;12774;65,7;52;2,9;18000;0;TRUE;128;312,6;310,9;1,7;27;144;-117;0,19
B3-30m-seca;B3;30;seca;12774;65,7;52;2,9;18000;0;TRUE;128;312,6;310,9;1,7;27;144;-116;0,19
B3-90m-convencional;B3;90;convencional;12774;65,7;910;34,2;17463;3;FALSE;1250;312,6;299;13,7;215;1407;-1192;0,15
B1-30m-convencional;B1;30;convencional;15457;79,5;175;11,9;18000;0;TRUE;179;312,6;310,9;1,7;27;202;-175;0,13
B1-50m-convencional;B1;50;convencional;15457;79,5;497;26,6;18000;0;TRUE;458;312,6;308,3;4,3;68;516;-448;0,13
B3-50m-convencional;B3;50;convencional;12774;65,7;294;16,7;18000;0;TRUE;400;312,6;309;3,7;58;451;-393;0,13
B3-60m-convencional;B3;60;convencional;12774;65,7;439;20,5;17846;0,9;FALSE;559;312,6;307,5;5,2;82;629;-547;0,13
B3-70m-convencional;B3;70;convencional;12774;65,7;586;24,2;17793;1,1;FALSE;748;312,6;305,7;7;110;842;-732;0,13
B3-40m-convencional;B3;40;convencional;12774;65,7;145;13,1;18000;0;TRUE;271;312,6;310,4;2,3;36;306;-270;0,12
B3-80m-convencional;B3;80;convencional;12774;65,7;737;29,4;17685;1,8;FALSE;980;312,6;304,1;8,6;135;1104;-969;0,12
B1-40m-convencional;B1;40;convencional;15457;79,5;312;15,5;18000;0;TRUE;280;312,6;310,8;1,8;29;316;-287;0,09
B2-50m-convencional;B2;50;convencional;2562;13,2;63;5;17997;0;FALSE;539;312,6;310,9;1,7;27;607;-579;0,05
B2-90m-convencional;B2;90;convencional;2562;13,2;235;12,1;17836;0,9;FALSE;2059;312,6;307,1;5,6;88;2319;-2231;0,04
B2-60m-convencional;B2;60;convencional;2562;13,2;95;6,5;17997;0;FALSE;805;312,6;310,9;1,8;28;906;-879;0,03
B2-70m-convencional;B2;70;convencional;2562;13,2;133;8,1;17995;0;FALSE;1144;312,6;310,9;1,8;28;1288;-1260;0,02
B2-80m-convencional;B2;80;convencional;2562;13,2;180;10,1;17991;0,1;FALSE;1563;312,6;310,8;1,9;29;1760;-1730;0,02
