situacao;nome;potencia_kW;municipio;lat;lon;area_drenagem_km2;cota_terreno_m;curso_dagua
operacao;Uzina do Maringa;112,00;;-28,51081578;-52,00609144;18,6;741,8;786678
operacao;Bertussi;1000,00;;-28,86694444;-50,93916667;137,7;697,3;786918
operacao;Capiguí;3200,00;;-28,35102048;-52,21423653;146,8;628,5;7864
operacao;Camargo;200,00;;-28,59108294;-52,24231673;156,7;452,1;78646
operacao;Barracão;810,00;;-29,1406508;-51,47692184;158,7;302,6;78678
estudo;Salto Quebra Dentes;5,700;;-28,67;-50,91;176,1;721,6;78692
operacao;Dona Maria Piana;1000,00;;-29,08937222;-51,30944444;198,5;339,9;786912
operacao;Taipinha;864,00;;-28,94472222;-52,50333333;240,7;444,5;7862
operacao;Soledade;1196,00;;-28,93772056;-52,48592889;240,7;520,9;7862
operacao;São Domingos do Prata;2205,00;;-28,81305556;-51,73777778;258,2;409,1;78664
operacao;Rio São Marcos;2200,00;;-29,03632861;-51,09440194;266,2;513,3;786914
estudo;Grotão;5,200;;-29,01;-50,24;284,7;866,1;786992
estudo;Vacaria;6,300;;-28,71;-51,0;311,5;639,5;786922
operacao;Trabuco;2000,00;;-28,60714114;-51,21940149;311,7;714,1;78688
estudo;Esteira;6,600;;-28,72;-50,91;356,0;665,0;78692
estudo;Refugiado;9,000;;-28,74;-50,97;377,2;545,4;786922
estudo;Monte Alegre;9,400;;-28,76;-50,92;396,8;569,1;78692
operacao;Cazuza Ferreira;9100,00;;-29,0206358;-50,73085032;451,6;774,9;78694
estudo;Nova Prata;12,500;;-28,75;-51,53;472,0;536,6;78682
operacao;do Parque;128,00;;-28,77527777;-51,51777778;498,6;435,3;78682
operacao;Boa Vista;705,75;;-29,47138889;-51,86805556;548,1;41,6;78618
operacao;Santo Antônio de Casca;990,00;;-28,52031022;-51,90856934;600,3;530,9;7866
estudo;Foz do Jacutinga;5,500;;-29,03;-52,22;612,8;344,8;78624
operacao;Rastro de Auto;7020,00;;-29,05222222;-52,21861111;647,6;277,4;78624
operacao;Salto Forqueta;6080,00;;-29,0798476;-52,20962591;672,3;190,0;78624
operacao;Morro Grande;9800,00;;-28,5591;-51,3109;696,3;633,0;7868
estudo;Vale Fundo;5,600;;-29,13;-52,19;706,2;135,7;78624
operacao;Vale do Leite;6400,00;;-29,15598889;-52,18705833;753,4;130,9;78624
operacao;Criúva;23949,00;;-28,96438521;-50,79897485;755,2;640,8;78694
estudo;Garrafa;7,501;;-28,94;-50,28;756,5;858,8;786
estudo;Barra do Galvão;6,440;;-29,14;-52,45;815,2;347,5;7862
operacao;Palanquinho;24165,00;;-28,89601362;-50,81195024;820,7;507,0;78694
estudo;Alto Constantino;8,000;;-29,15;-52,37;892,8;264,2;7862
estudo;José Dinarte Lepek;7,501;;-29,15;-52,32;955,8;317,5;7862
operacao;Jardim;9000,00;;-28,56078889;-51,40699722;1068,4;567,6;78686
operacao;Fazenda Velha;7300,00;;-28,56999721;-51,40669166;1070,6;549,1;78686
estudo;Bugrinha;8,502;;-29,17;-52,28;1150,7;221,2;7862
estudo;Barra do Telha;8,213;;-28,59;-51,34;1210,1;555,5;7868
operacao;Chimarrão;11825,00;;-28,597975;-51,39916111;1214,2;514,9;7868
operacao;Saltinho RS;27270,00;;-28,61175556;-51,34347778;1214,2;532,6;7868
estudo;Queimado;8,060;;-29,19;-52,24;1230,5;247,1;7862
operacao;Santa Carolina;10500,00;;-28,61465278;-51,40290556;1331,6;480,6;7868
operacao;Saltinho;800,00;;-28,61921269;-51,35502379;1331,6;517,0;7868
operacao;Faxinal;1000,00;;-28,6475;-51,35444444;1331,6;544,5;7868
estudo;Jaquirana;6,250;;-28,86;-50,32;1338,8;860,6;786
operacao;Focchezan Energia;500,00;;-28,70444444;-51,84472222;1582,3;426,8;7866
operacao;Caçador;22500,00;;-28,70592052;-51,85079336;1583,4;425,0;7866
operacao;Boa Fé;24000,00;;-28,75277778;-51,84388889;1700,4;359,5;7866
estudo;Quebrada Funda;13,000;;-28,8;-50,43;1717,3;603,9;786
operacao;São Paulo;16000,00;;-28,77472222;-51,84305556;1748,2;322,5;7866
estudo;Buongiorno;10,250;;-28,8;-51,87;1769,2;289,3;7866
operacao;Autódromo;24000,00;;-28,82823578;-51,84216092;1816,4;280,0;7866
operacao;Pezzi;19000,00;;-28,792511;-50,56539253;2010,7;565,0;786
operacao;Guaporé;667,20;;-28,90709654;-51,94670265;2066,4;189,0;7864
estudo;Nelson José Zanelatto;5,690;;-29,21;-52,19;2079,5;147,2;7862
operacao;Monte Cuco;30000,00;;-28,96666667;-51,91666666;2143,9;167,4;7864
estudo;E20CA205;30,000;;-28,89;-51,81;2249,4;446,5;7866
operacao;Linha Emília;19500,00;;-28,94069116;-51,77335718;2314,1;179,6;7866
operacao;Cotiporã;19500,00;;-28,96282975;-51,7577345;2447,6;138,1;7866
operacao;Lixiguana;9000,00;;-28,63730408;-51,39736563;2489,2;414,0;7868
estudo;Barra do Ituim;7,400;;-28,65;-51,41;2510,3;475,1;7868
operacao;Catibiro;900,00;;-28,6541911;-51,46425851;2662,8;480,2;7868
estudo;Linha Tafona;11,100;;-28,68;-51,45;2678,7;392,5;7868
estudo;Foz do Segredinho;8,700;;-28,7;-51,44;2772,3;621,2;7868
estudo;Dalsasso;10,500;;-28,73;-51,43;2821,8;476,4;7868
estudo;Segredo;9,200;;-28,75;-51,44;2846,1;570,8;7868
estudo;Primavera do Rio Turvo;30,000;;-28,77;-51,43;2862,0;367,0;7868
estudo;Duque de Caxias;6,500;;-28,83;-51,49;3015,4;374,5;7868
operacao;Passo do Meio;30000,00;;-28,80639015;-50,61301669;3490,6;527,3;786
estudo;Foz do Prata;9,300;;-28,84;-51,45;3593,7;379,7;7868
operacao;Da Ilha;26000,00;;-28,89143806;-51,45587639;3633,1;279,4;7868
operacao;Jararaca;28000,00;;-28,93654917;-51,46532111;3732,0;268,3;7868
operacao;Foz do Prata;49365,00;;-28,9925;-51,47083333;3776,0;171,3;7868
operacao;Serra dos Cavalinhos I;25000,00;;-28,79569538;-50,72966788;3823,7;452,0;786
operacao;Serra dos Cavalinhos II;29025,00;;-28,79184163;-50,74647603;3830,6;437,4;786
estudo;Pião;7,200;;-28,82;-50,78;4168,6;558,9;786
estudo;Arroio Divisa;12,236;;-28,84;-50,84;5174,1;706,6;786
operacao;Castro Alves;130000,00;;-29,00529866;-51,3844177;7700,0;236,0;786
operacao;Monte Claro;130000,00;;-29,03083717;-51,52125794;12414,0;132,5;786
operacao;14 de Julho;100000,00;;-29,06475278;-51,67494167;12877,0;104,5;786
estudo;São Valentim;21,000;;-29,07;-51,71;15503,2;218,3;786
estudo;Encantado;36,200;;-29,22;-51,88;19050,2;70,5;786
estudo;Arroio do Meio 30;68,600;;-29,4;-51,91;19628,0;25,6;786
