recorte;Nome_Municipio;eventos_atlas;mortos;feridos;enfermos;desabrigados;desalojados;desaparecidos;afetados_diretos;outros_afetados;danos_materiais;prejuizo_publico;prejuizo_privado;prejuizo_total;danos_economicos_atlas
maio_2024_hidrologico;Muçum;0;0,0;0,0;0,0;0,0;0,0;0,0;0,0;0,0;0,0;0,0;0,0;0,0;0,0
maio_2024_hidrologico;Roca Sales;1;0,0;0,0;0,0;0,0;0,0;0,0;0,0;0,0;0,0;0,0;0,0;0,0;0,0
maio_2024_hidrologico;Encantado;1;1,0;12,0;0,0;726,0;923,0;2,0;1664,0;21298,0;0,0;0,0;0,0;0,0;0,0
maio_2024_hidrologico;Colinas;1;0,0;80,0;200,0;200,0;1150,0;0,0;1630,0;1030,0;6431928,95;1936494,74;17833535,73;19770030,47;26201959,419999998
maio_2024_hidrologico;Arroio do Meio;0;0,0;0,0;0,0;0,0;0,0;0,0;0,0;0,0;0,0;0,0;0,0;0,0;0,0
maio_2024_hidrologico;Cruzeiro do Sul;0;0,0;0,0;0,0;0,0;0,0;0,0;0,0;0,0;0,0;0,0;0,0;0,0;0,0
maio_2024_hidrologico;Lajeado;1;2,0;60,0;0,0;1326,0;5000,0;3,0;6391,0;65000,0;0,0;0,0;0,0;0,0;0,0
maio_2024_hidrologico;Estrela;1;2,0;0,0;0,0;1100,0;4000,0;1,0;5103,0;32183,0;0,0;0,0;0,0;0,0;0,0
maio_2024_hidrologico;Bom Retiro do Sul;1;0,0;0,0;0,0;55,0;1400,0;0,0;1455,0;2500,0;0,0;0,0;0,0;0,0;0,0
maio_2024_hidrologico;Fazenda Vilanova;1;0,0;0,0;0,0;0,0;0,0;0,0;0,0;4291,0;494003,76;0,0;2297809,09;2297809,09;2791812,8499999996
maio_2024_hidrologico;Taquari;1;2,0;0,0;0,0;90,0;894,0;0,0;986,0;24214,0;0,0;0,0;0,0;0,0;0,0
maio_2024_hidrologico;Venâncio Aires;0;0,0;0,0;0,0;0,0;0,0;0,0;0,0;0,0;0,0;0,0;0,0;0,0;0,0
maio_2024_hidrologico;Mato Leitão;0;0,0;0,0;0,0;0,0;0,0;0,0;0,0;0,0;0,0;0,0;0,0;0,0;0,0
maio_2024_hidrologico;Santa Clara do Sul;0;0,0;0,0;0,0;0,0;0,0;0,0;0,0;0,0;0,0;0,0;0,0;0,0;0,0
maio_2024_hidrologico;Marques de Souza;0;0,0;0,0;0,0;0,0;0,0;0,0;0,0;0,0;0,0;0,0;0,0;0,0;0,0
maio_2024_hidrologico;Travesseiro;0;0,0;0,0;0,0;0,0;0,0;0,0;0,0;0,0;0,0;0,0;0,0;0,0;0,0
maio_2024_hidrologico;Capitão;0;0,0;0,0;0,0;0,0;0,0;0,0;0,0;0,0;0,0;0,0;0,0;0,0;0,0
maio_2024_hidrologico;Bom Princípio;0;0,0;0,0;0,0;0,0;0,0;0,0;0,0;0,0;0,0;0,0;0,0;0,0;0,0
maio_2024_hidrologico;Sério;0;0,0;0,0;0,0;0,0;0,0;0,0;0,0;0,0;0,0;0,0;0,0;0,0;0,0
2024_hidrologico;Muçum;1;0,0;0,0;0,0;306,0;3520,0;0,0;3826,0;965,0;66196503,83;2173616,54;110656842,22;112830458,77;179026962,6
2024_hidrologico;Roca Sales;1;14,0;14,0;0,0;350,0;3000,0;2,0;3380,0;0,0;0,0;0,0;0,0;0,0;0,0
2024_hidrologico;Encantado;0;0,0;0,0;0,0;0,0;0,0;0,0;0,0;0,0;0,0;0,0;0,0;0,0;0,0
2024_hidrologico;Colinas;0;0,0;0,0;0,0;0,0;0,0;0,0;0,0;0,0;0,0;0,0;0,0;0,0;0,0
2024_hidrologico;Arroio do Meio;1;1,0;0,0;0,0;1000,0;12000,0;0,0;13001,0;0,0;0,0;0,0;0,0;0,0;0,0
2024_hidrologico;Cruzeiro do Sul;1;13,0;0,0;0,0;800,0;2987,0;5,0;3805,0;12331,0;0,0;0,0;0,0;0,0;0,0
2024_hidrologico;Lajeado;3;0,0;0,0;0,0;300,0;500,0;0,0;800,0;0,0;0,0;0,0;0,0;0,0;0,0
2024_hidrologico;Estrela;0;0,0;0,0;0,0;0,0;0,0;0,0;0,0;0,0;0,0;0,0;0,0;0,0;0,0
2024_hidrologico;Bom Retiro do Sul;1;0,0;0,0;0,0;11,0;497,0;0,0;508,0;730,0;11500407,53;276642,11;4510254,33;4786896,43;16287303,959999999
2024_hidrologico;Fazenda Vilanova;0;0,0;0,0;0,0;0,0;0,0;0,0;0,0;0,0;0,0;0,0;0,0;0,0;0,0
2024_hidrologico;Taquari;0;0,0;0,0;0,0;0,0;0,0;0,0;0,0;0,0;0,0;0,0;0,0;0,0;0,0
2024_hidrologico;Venâncio Aires;1;5,0;19,0;0,0;391,0;23235,0;0,0;23650,0;0,0;0,0;0,0;0,0;0,0;0,0
2024_hidrologico;Mato Leitão;1;0,0;0,0;0,0;0,0;48,0;0,0;48,0;0,0;0,0;0,0;12762685,94;12762685,94;12762685,94
2024_hidrologico;Santa Clara do Sul;1;0,0;1,0;0,0;0,0;60,0;0,0;61,0;0,0;0,0;0,0;0,0;0,0;0,0
2024_hidrologico;Marques de Souza;1;1,0;20,0;0,0;400,0;150,0;1,0;572,0;3497,0;0,0;0,0;0,0;0,0;0,0
2024_hidrologico;Travesseiro;1;1,0;20,0;3,0;40,0;350,0;0,0;414,0;2152,0;0,0;0,0;0,0;0,0;0,0
2024_hidrologico;Capitão;1;2,0;15,0;0,0;32,0;106,0;0,0;155,0;2789,0;0,0;0,0;0,0;0,0;0,0
2024_hidrologico;Bom Princípio;1;1,0;0,0;0,0;171,0;468,0;0,0;640,0;63,0;5361444,05;247989,89;20743814,64;20991804,52;26353248,57
2024_hidrologico;Sério;1;0,0;0,0;0,0;0,0;41,0;0,0;41,0;2240,0;0,0;0,0;0,0;0,0;0,0
historico_hidrologico;Muçum;8;14,0;150,0;100,0;422,0;5954,0;1,0;6641,0;3486,0;15273579,36;2280397,23;800202332,61;802482729,83;817756309,19
historico_hidrologico;Roca Sales;10;0,0;1,0;0,0;124,0;2785,0;0,0;2910,0;640,0;83098566,52000001;26246214,85;68094569,36;94340784,21000001;177439350,73000002
historico_hidrologico;Encantado;7;1,0;17,0;0,0;6753,0;3750,0;0,0;10521,0;55016,0;76397513,75;8030175,8;613874802,51;621904978,31;698302492,06
historico_hidrologico;Colinas;11;2,0;31,0;7,0;173,0;948,0;0,0;1161,0;7624,0;11152637,65;642712,3;25412853,24;26055565,54;37208203,19
historico_hidrologico;Arroio do Meio;14;0,0;40,0;0,0;1802,0;13148,0;1,0;14991,0;43590,0;58138133,73;8737808,74;303591704,44;312329513,16999996;370467646,9
historico_hidrologico;Cruzeiro do Sul;12;4,0;10,0;2,0;1509,0;11630,0;1,0;13156,0;19981,0;209663533,81;9768769,36;88268803,57;98037572,93;307701106,74
historico_hidrologico;Lajeado;23;1,0;2,0;2,0;3400,0;6771,0;0,0;10176,0;73713,0;148960776,34;25157552,68;16116053,52;41273606,21;190234382,55
historico_hidrologico;Estrela;20;4,0;311,0;727,0;3455,0;13000,0;0,0;17497,0;56431,0;119413239,82000001;17222161,82;143526211,07;160748372,88;280161612,7
historico_hidrologico;Bom Retiro do Sul;13;0,0;172,0;76,0;201,0;1748,0;0,0;2197,0;13058,0;30456500,619999997;6077458,71;21670661,84;27748120,55;58204621,17
historico_hidrologico;Fazenda Vilanova;0;0,0;0,0;0,0;0,0;0,0;0,0;0,0;0,0;0,0;0,0;0,0;0,0;0,0
historico_hidrologico;Taquari;11;0,0;5,0;36,0;665,0;1455,0;0,0;2161,0;9850,0;37302215,53;3709685,0;39019415,86;42729100,86;80031316,39
historico_hidrologico;Venâncio Aires;16;2,0;10,0;3,0;2510,0;15586,0;0,0;18111,0;14206,0;32220501,64;10071970,59;104871383,64;114943354,23;147163855,87
historico_hidrologico;Mato Leitão;4;0,0;0,0;0,0;0,0;20,0;0,0;20,0;4658,0;1604509,82;234891,04;5715957,51;5950848,56;7555358,38
historico_hidrologico;Santa Clara do Sul;5;0,0;1,0;0,0;0,0;65,0;0,0;66,0;4027,0;1846797,19;11281,64;745941,75;757223,3899999999;2604020,58
historico_hidrologico;Marques de Souza;7;0,0;15,0;9,0;62,0;718,0;0,0;804,0;4257,0;15936143,75;2399424,15;12966818,96;15366243,12;31302386,869999997
historico_hidrologico;Travesseiro;2;0,0;0,0;0,0;22,0;233,0;0,0;255,0;4451,0;126696,96;1445486,16;16217937,11;17663423,27;17790120,23
historico_hidrologico;Capitão;1;0,0;0,0;0,0;0,0;50,0;0,0;50,0;2871,0;1383108,44;1689081,59;12293300,11;13982381,7;15365490,139999999
historico_hidrologico;Bom Princípio;10;0,0;0,0;0,0;4,0;179,0;0,0;183,0;28751,0;81788696,44;15138890,780000001;128833401,27;143972292,06;225760988,5
historico_hidrologico;Sério;4;0,0;0,0;0,0;0,0;0,0;0,0;0,0;2281,0;651811,02;0,0;8038645,069999999;8038645,069999999;8690456,09
