nome;potencia_MW;area_drenagem_km2;cota_NA_atual_m;area_espelho_atual_km2;altura_cenario_m;volume_limite_upper_hm3;percentual_do_necessario;custo_baixo_MRS;custo_base_MRS;custo_alto_MRS
14 de Julho;100,0;12609.9;104.8;5,93;1;4,5;0,1393188854489164;6,366184647775805;12,97482837528604;23,48160965493116
14 de Julho;100,0;12609.9;104.8;5,93;2;11,3;0,3498452012383901;15,986197004414802;32,5812356979405;58,96493091127158
14 de Julho;100,0;12609.9;104.8;5,93;3;18,9;0,5851393188854489;26,73797552065838;54,49427917620136;98,62276055071086
14 de Julho;100,0;12609.9;104.8;5,93;5;35,1;1,0866873065015479;49,65624025265127;101,20366132723112;183,15655530846306
14 de Julho;100,0;12609.9;104.8;5,93;8;62,0;1,9195046439628483;87,71187736935553;178,76430205949654;323,5243996901627
14 de Julho;100,0;12609.9;104.8;5,93;10;81,7;2,5294117647058822;115,5816190496185;235,56521739130432;426,3216686239724
14 de Julho;100,0;12609.9;104.8;5,93;15;136,1;4,213622291021672;192,54171790273043;392,41647597253996;710,1882386746956
14 de Julho;100,0;12609.9;104.8;5,93;20;197,3;6,108359133126935;279,1218291124814;568,8741418764301;1029,5381299817595
Monte Claro;130,0;11965.1;133.5;0,04;1;0,0;0,0;0,0;0,0;0,0
Monte Claro;130,0;11965.1;133.5;0,04;2;0,1;0,0030959752321981426;0,14147076995057345;0,2883295194508009;0,5218135478873591
Monte Claro;130,0;11965.1;133.5;0,04;3;0,1;0,0030959752321981426;0,14147076995057345;0,2883295194508009;0,5218135478873591
Monte Claro;130,0;11965.1;133.5;0,04;5;0,5;0,015479876160990712;0,7073538497528672;1,4416475972540044;2,609067739436796
Monte Claro;130,0;11965.1;133.5;0,04;8;1,3;0,04024767801857585;1,839120009357455;3,7482837528604116;6,783576122535669
Monte Claro;130,0;11965.1;133.5;0,04;10;2,2;0,06811145510835914;3,112356938912616;6,34324942791762;11,479898053521902
Monte Claro;130,0;11965.1;133.5;0,04;15;5,2;0,1609907120743034;7,35648003742982;14,993135011441646;27,134304490142675
Monte Claro;130,0;11965.1;133.5;0,04;20;14,7;0,4551083591331269;20,796203182734295;42,38443935926772;76,70659153944179
Castro Alves;130,0;7590.3;236.5;0,25;1;0,1;0,0030959752321981426;0,14147076995057345;0,2883295194508009;0,5218135478873591
Castro Alves;130,0;7590.3;236.5;0,25;2;0,4;0,01238390092879257;0,5658830798022938;1,1533180778032035;2,0872541915494365
Castro Alves;130,0;7590.3;236.5;0,25;3;2,3;0,07120743034055727;3,253827708863189;6,6315789473684195;12,001711601409259
Castro Alves;130,0;7590.3;236.5;0,25;5;10,6;0,3281733746130031;14,995901614760783;30,562929061784892;55,31223607606006
Castro Alves;130,0;7590.3;236.5;0,25;8;26,9;0,8328173374613003;38,055637116704254;77,56064073226543;140,3678443816996
Castro Alves;130,0;7590.3;236.5;0,25;10;38,7;1,1981424148606812;54,74918797087192;111,58352402745994;201,94184303240797
Castro Alves;130,0;7590.3;236.5;0,25;15;71,4;2,210526315789474;101,01012974470945;205,86727688787184;372,5748731915744
Castro Alves;130,0;7590.3;236.5;0,25;20;110,6;3,4241486068111455;156,46667156533422;318,89244851258576;577,1257839634192
Serra dos Cavalinhos II;29,0;3714.9;435.5;0,05;1;0,0;0,0;0,0;0,0;0,0
Serra dos Cavalinhos II;29,0;3714.9;435.5;0,05;2;0,1;0,0030959752321981426;0,14147076995057345;0,2883295194508009;0,5218135478873591
Serra dos Cavalinhos II;29,0;3714.9;435.5;0,05;3;0,2;0,006191950464396285;0,2829415399011469;0,5766590389016018;1,0436270957747182
Serra dos Cavalinhos II;29,0;3714.9;435.5;0,05;5;0,5;0,015479876160990712;0,7073538497528672;1,4416475972540044;2,609067739436796
Serra dos Cavalinhos II;29,0;3714.9;435.5;0,05;8;1,3;0,04024767801857585;1,839120009357455;3,7482837528604116;6,783576122535669
Serra dos Cavalinhos II;29,0;3714.9;435.5;0,05;10;2,0;0,06191950464396285;2,8294153990114688;5,7665903890160175;10,436270957747183
Serra dos Cavalinhos II;29,0;3714.9;435.5;0,05;15;4,4;0,13622291021671828;6,224713877825232;12,68649885583524;22,959796107043804
Serra dos Cavalinhos II;29,0;3714.9;435.5;0,05;20;8,3;0,25696594427244585;11,742073905897596;23,931350114416475;43,31052447465081
Serra dos Cavalinhos I;25,0;3615.4;453.5;0,04;1;0,0;0,0;0,0;0,0;0,0
Serra dos Cavalinhos I;25,0;3615.4;453.5;0,04;2;0,1;0,0030959752321981426;0,14147076995057345;0,2883295194508009;0,5218135478873591
Serra dos Cavalinhos I;25,0;3615.4;453.5;0,04;3;0,1;0,0030959752321981426;0,14147076995057345;0,2883295194508009;0,5218135478873591
Serra dos Cavalinhos I;25,0;3615.4;453.5;0,04;5;0,4;0,01238390092879257;0,5658830798022938;1,1533180778032035;2,0872541915494365
Serra dos Cavalinhos I;25,0;3615.4;453.5;0,04;8;0,9;0,02786377708978328;1,273236929555161;2,594965675057208;4,696321930986232
Serra dos Cavalinhos I;25,0;3615.4;453.5;0,04;10;1,3;0,04024767801857585;1,839120009357455;3,7482837528604116;6,783576122535669
Serra dos Cavalinhos I;25,0;3615.4;453.5;0,04;15;2,9;0,08978328173374613;4,10265232856663;8,361556064073225;15,132592888733413
Serra dos Cavalinhos I;25,0;3615.4;453.5;0,04;20;5,1;0,15789473684210525;7,215009267479244;14,704805491990843;26,612490942255313
Foz do Prata;49,4;3763.8;171.5;0,01;1;0,0;0,0;0,0;0,0;0,0
Foz do Prata;49,4;3763.8;171.5;0,01;2;0,0;0,0;0,0;0,0;0,0
Foz do Prata;49,4;3763.8;171.5;0,01;3;0,1;0,0030959752321981426;0,14147076995057345;0,2883295194508009;0,5218135478873591
Foz do Prata;49,4;3763.8;171.5;0,01;5;0,2;0,006191950464396285;0,2829415399011469;0,5766590389016018;1,0436270957747182
Foz do Prata;49,4;3763.8;171.5;0,01;8;0,5;0,015479876160990712;0,7073538497528672;1,4416475972540044;2,609067739436796
Foz do Prata;49,4;3763.8;171.5;0,01;10;0,8;0,02476780185758514;1,1317661596045876;2,306636155606407;4,174508383098873
Foz do Prata;49,4;3763.8;171.5;0,01;15;2,2;0,06811145510835914;3,112356938912616;6,34324942791762;11,479898053521902
Foz do Prata;49,4;3763.8;171.5;0,01;20;4,5;0,1393188854489164;6,366184647775805;12,97482837528604;23,48160965493116
Jararaca;28,0;3651.3;251.5;0,09;1;0,0;0,0;0,0;0,0;0,0
Jararaca;28,0;3651.3;251.5;0,09;2;0,3;0,009287925696594427;0,4244123098517203;0,8649885583524026;1,5654406436620774
Jararaca;28,0;3651.3;251.5;0,09;3;0,9;0,02786377708978328;1,273236929555161;2,594965675057208;4,696321930986232
Jararaca;28,0;3651.3;251.5;0,09;5;2,1;0,06501547987616099;2,9708861689620423;6,054919908466819;10,958084505634542
Jararaca;28,0;3651.3;251.5;0,09;8;3,9;0,12074303405572756;5,517360028072364;11,244851258581233;20,350728367607005
Jararaca;28,0;3651.3;251.5;0,09;10;5,3;0,16408668730650156;7,497950807380391;15,281464530892446;27,65611803803003
Jararaca;28,0;3651.3;251.5;0,09;15;9,0;0,2786377708978328;12,73236929555161;25,94965675057208;46,96321930986232
Jararaca;28,0;3651.3;251.5;0,09;20;13,6;0,42105263157894735;19,240024713277986;39,21281464530892;70,96664251268083
Da Ilha;26,0;3613.2;293.0;1,22;1;1,2;0,03715170278637771;1,6976492394068812;3,4599542334096105;6,261762574648309
Da Ilha;26,0;3613.2;293.0;1,22;2;2,4;0,07430340557275542;3,3952984788137623;6,919908466819221;12,523525149296619
Da Ilha;26,0;3613.2;293.0;1,22;3;3,8;0,11764705882352941;5,3758892581217905;10,956521739130432;19,828914819719646
Da Ilha;26,0;3613.2;293.0;1,22;5;6,9;0,21362229102167182;9,761483126589567;19,89473684210526;36,00513480422778
Da Ilha;26,0;3613.2;293.0;1,22;8;12,8;0,39628482972136225;18,1082585536734;36,90617848970251;66,79213412958197
Da Ilha;26,0;3613.2;293.0;1,22;10;17,3;0,5356037151702786;24,47444320144921;49,88100686498856;90,27374378451313
Da Ilha;26,0;3613.2;293.0;1,22;15;30,2;0,934984520123839;42,72417252507318;87,07551487414186;157,58769146198244
Da Ilha;26,0;3613.2;293.0;1,22;20;45,7;1,414860681114551;64,65214186741207;131,76659038901602;238,46879138452314
Passo do Meio;30,0;3378.8;530.0;0,98;1;0,6;0,018575851393188854;0,8488246197034406;1,7299771167048053;3,1308812873241547
Passo do Meio;30,0;3378.8;530.0;0,98;2;1,7;0,05263157894736842;2,4050030891597483;4,901601830663615;8,870830314085104
Passo do Meio;30,0;3378.8;530.0;0,98;3;3,0;0,09287925696594428;4,244123098517203;8,649885583524027;15,654406436620775
Passo do Meio;30,0;3378.8;530.0;0,98;5;6,3;0,19504643962848298;8,912658506886126;18,164759725400454;32,87425351690362
Passo do Meio;30,0;3378.8;530.0;0,98;8;11,6;0,3591331269349845;16,41060931426652;33,4462242562929;60,53037155493365
Passo do Meio;30,0;3378.8;530.0;0,98;10;15,4;0,47678018575851394;21,78649857238831;44,40274599542334;80,35928637465331
Passo do Meio;30,0;3378.8;530.0;0,98;15;26,4;0,8173374613003096;37,348283266951384;76,11899313501142;137,7587766422628
Passo do Meio;30,0;3378.8;530.0;0,98;20;40,3;1,2476780185758511;57,01272029008109;116,19679633867274;210,2908597986057
Cotiporã;19,5;2298.3;137.0;0,03;1;0,0;0,0;0,0;0,0;0,0
Cotiporã;19,5;2298.3;137.0;0,03;2;0,0;0,0;0,0;0,0;0,0
Cotiporã;19,5;2298.3;137.0;0,03;3;0,1;0,0030959752321981426;0,14147076995057345;0,2883295194508009;0,5218135478873591
Cotiporã;19,5;2298.3;137.0;0,03;5;0,4;0,01238390092879257;0,5658830798022938;1,1533180778032035;2,0872541915494365
Cotiporã;19,5;2298.3;137.0;0,03;8;1,0;0,030959752321981424;1,4147076995057344;2,8832951945080088;5,218135478873592
Cotiporã;19,5;2298.3;137.0;0,03;10;1,6;0,04953560371517028;2,263532319209175;4,613272311212814;8,349016766197746
Cotiporã;19,5;2298.3;137.0;0,03;15;3,5;0,10835913312693499;4,95147694827007;10,09153318077803;18,26347417605757
Cotiporã;19,5;2298.3;137.0;0,03;20;5,7;0,17647058823529413;8,063833887182685;16,43478260869565;29,74337222957947
Linha Emília;19,5;2289.7;180.0;0,67;1;0,2;0,006191950464396285;0,2829415399011469;0,5766590389016018;1,0436270957747182
Linha Emília;19,5;2289.7;180.0;0,67;2;0,9;0,02786377708978328;1,273236929555161;2,594965675057208;4,696321930986232
Linha Emília;19,5;2289.7;180.0;0,67;3;1,8;0,05572755417956656;2,546473859110322;5,189931350114416;9,392643861972465
Linha Emília;19,5;2289.7;180.0;0,67;5;3,7;0,11455108359133127;5,234418488171218;10,668192219679632;19,307101271832288
Linha Emília;19,5;2289.7;180.0;0,67;8;6,8;0,21052631578947367;9,620012356638993;19,60640732265446;35,48332125634042
Linha Emília;19,5;2289.7;180.0;0,67;10;9,2;0,28482972136222906;13,015310835452755;26,526315789473678;48,006846405637035
Linha Emília;19,5;2289.7;180.0;0,67;15;16,0;0,4953560371517028;22,63532319209175;46,13272311212814;83,49016766197747
Linha Emília;19,5;2289.7;180.0;0,67;20;24,7;0,7647058823529411;34,943280177791635;71,21739130434781;128,8879463281777
Monte Cuco;30,0;2123.6;131.0;0,01;1;0,0;0,0;0,0;0,0;0,0
Monte Cuco;30,0;2123.6;131.0;0,01;2;0,0;0,0;0,0;0,0;0,0
Monte Cuco;30,0;2123.6;131.0;0,01;3;0,0;0,0;0,0;0,0;0,0
Monte Cuco;30,0;2123.6;131.0;0,01;5;0,1;0,0030959752321981426;0,14147076995057345;0,2883295194508009;0,5218135478873591
Monte Cuco;30,0;2123.6;131.0;0,01;8;0,3;0,009287925696594427;0,4244123098517203;0,8649885583524026;1,5654406436620774
Monte Cuco;30,0;2123.6;131.0;0,01;10;0,5;0,015479876160990712;0,7073538497528672;1,4416475972540044;2,609067739436796
Monte Cuco;30,0;2123.6;131.0;0,01;15;1,7;0,05263157894736842;2,4050030891597483;4,901601830663615;8,870830314085104
Monte Cuco;30,0;2123.6;131.0;0,01;20;3,7;0,11455108359133127;5,234418488171218;10,668192219679632;19,307101271832288
Pezzi;19,0;1962.2;565.5;0,59;1;0,1;0,0030959752321981426;0,14147076995057345;0,2883295194508009;0,5218135478873591
Pezzi;19,0;1962.2;565.5;0,59;2;0,8;0,02476780185758514;1,1317661596045876;2,306636155606407;4,174508383098873
Pezzi;19,0;1962.2;565.5;0,59;3;1,6;0,04953560371517028;2,263532319209175;4,613272311212814;8,349016766197746
Pezzi;19,0;1962.2;565.5;0,59;5;3,8;0,11764705882352941;5,3758892581217905;10,956521739130432;19,828914819719646
Pezzi;19,0;1962.2;565.5;0,59;8;8,5;0,2631578947368421;12,025015445798743;24,508009153318074;44,35415157042553
Pezzi;19,0;1962.2;565.5;0,59;10;12,5;0,38699690402476783;17,68384624382168;36,04118993135011;65,2266934859199
Pezzi;19,0;1962.2;565.5;0,59;15;25,1;0,7770897832817337;35,50916325759394;72,37070938215102;130,97520051972714
Pezzi;19,0;1962.2;565.5;0,59;20;41,9;1,2972136222910218;59,27625260929027;120,81006864988557;218,63987656480344
Autódromo;24,0;1784.7;282.0;0,38;1;0,0;0,0;0,0;0,0;0,0
Autódromo;24,0;1784.7;282.0;0,38;2;0,4;0,01238390092879257;0,5658830798022938;1,1533180778032035;2,0872541915494365
Autódromo;24,0;1784.7;282.0;0,38;3;0,8;0,02476780185758514;1,1317661596045876;2,306636155606407;4,174508383098873
Autódromo;24,0;1784.7;282.0;0,38;5;1,7;0,05263157894736842;2,4050030891597483;4,901601830663615;8,870830314085104
Autódromo;24,0;1784.7;282.0;0,38;8;3,2;0,09907120743034056;4,52706463841835;9,226544622425628;16,698033532395492
Autódromo;24,0;1784.7;282.0;0,38;10;4,4;0,13622291021671828;6,224713877825232;12,68649885583524;22,959796107043804
Autódromo;24,0;1784.7;282.0;0,38;15;8,2;0,25386996904024767;11,60060313594702;23,64302059496567;42,78871092676344
Autódromo;24,0;1784.7;282.0;0,38;20;13,1;0,4055727554179567;18,53267086352512;37,77116704805491;68,35757477324404
São Paulo;16,0;1698.4;328.5;0,01;1;0,0;0,0;0,0;0,0;0,0
São Paulo;16,0;1698.4;328.5;0,01;2;0,1;0,0030959752321981426;0,14147076995057345;0,2883295194508009;0,5218135478873591
São Paulo;16,0;1698.4;328.5;0,01;3;0,2;0,006191950464396285;0,2829415399011469;0,5766590389016018;1,0436270957747182
São Paulo;16,0;1698.4;328.5;0,01;5;0,4;0,01238390092879257;0,5658830798022938;1,1533180778032035;2,0872541915494365
São Paulo;16,0;1698.4;328.5;0,01;8;1,1;0,03405572755417957;1,556178469456308;3,17162471395881;5,739949026760951
São Paulo;16,0;1698.4;328.5;0,01;10;1,8;0,05572755417956656;2,546473859110322;5,189931350114416;9,392643861972465
São Paulo;16,0;1698.4;328.5;0,01;15;4,2;0,13003095975232198;5,9417723379240845;12,109839816933638;21,916169011269083
São Paulo;16,0;1698.4;328.5;0,01;20;7,8;0,24148606811145512;11,034720056144728;22,489702517162467;40,70145673521401
Boa Fé;24,0;1611.0;369.0;0,07;1;0,0;0,0;0,0;0,0;0,0
Boa Fé;24,0;1611.0;369.0;0,07;2;0,1;0,0030959752321981426;0,14147076995057345;0,2883295194508009;0,5218135478873591
Boa Fé;24,0;1611.0;369.0;0,07;3;0,4;0,01238390092879257;0,5658830798022938;1,1533180778032035;2,0872541915494365
Boa Fé;24,0;1611.0;369.0;0,07;5;1,5;0,04643962848297214;2,1220615492586017;4,324942791762013;7,8272032183103875
Boa Fé;24,0;1611.0;369.0;0,07;8;3,5;0,10835913312693499;4,95147694827007;10,09153318077803;18,26347417605757
Boa Fé;24,0;1611.0;369.0;0,07;10;4,9;0,151702786377709;6,932067727578099;14,128146453089244;25,568863846480596
Boa Fé;24,0;1611.0;369.0;0,07;15;9,1;0,28173374613003094;12,873840065502183;26,23798627002288;47,48503285774968
Boa Fé;24,0;1611.0;369.0;0,07;20;14,1;0,43653250773993807;19,947378563030853;40,65446224256292;73,57571025211763
Caçador;22,5;1535.0;426.2;0,1;1;0,0;0,0;0,0;0,0;0,0
Caçador;22,5;1535.0;426.2;0,1;2;0,2;0,006191950464396285;0,2829415399011469;0,5766590389016018;1,0436270957747182
Caçador;22,5;1535.0;426.2;0,1;3;0,4;0,01238390092879257;0,5658830798022938;1,1533180778032035;2,0872541915494365
Caçador;22,5;1535.0;426.2;0,1;5;1,2;0,03715170278637771;1,6976492394068812;3,4599542334096105;6,261762574648309
Caçador;22,5;1535.0;426.2;0,1;8;4,2;0,13003095975232198;5,9417723379240845;12,109839816933638;21,916169011269083
Caçador;22,5;1535.0;426.2;0,1;10;7,4;0,22910216718266255;10,468836976342436;21,336384439359264;38,614202543664575
Caçador;22,5;1535.0;426.2;0,1;15;20,6;0,6377708978328174;29,14297860981813;59,39588100686498;107,49359086479599
Caçador;22,5;1535.0;426.2;0,1;20;42,6;1,3188854489164086;60,26654799894429;122,82837528604118;222,292571400015
Saltinho RS;27,3;1198.4;533.0;0,03;1;0,0;0,0;0,0;0,0;0,0
Saltinho RS;27,3;1198.4;533.0;0,03;2;0,1;0,0030959752321981426;0,14147076995057345;0,2883295194508009;0,5218135478873591
Saltinho RS;27,3;1198.4;533.0;0,03;3;0,1;0,0030959752321981426;0,14147076995057345;0,2883295194508009;0,5218135478873591
Saltinho RS;27,3;1198.4;533.0;0,03;5;0,3;0,009287925696594427;0,4244123098517203;0,8649885583524026;1,5654406436620774
Saltinho RS;27,3;1198.4;533.0;0,03;8;1,0;0,030959752321981424;1,4147076995057344;2,8832951945080088;5,218135478873592
Saltinho RS;27,3;1198.4;533.0;0,03;10;1,8;0,05572755417956656;2,546473859110322;5,189931350114416;9,392643861972465
Saltinho RS;27,3;1198.4;533.0;0,03;15;4,9;0,151702786377709;6,932067727578099;14,128146453089244;25,568863846480596
Saltinho RS;27,3;1198.4;533.0;0,03;20;10,6;0,3281733746130031;14,995901614760783;30,562929061784892;55,31223607606006
Palanquinho;24,2;789.4;510.5;0,05;1;0,0;0,0;0,0;0,0;0,0
Palanquinho;24,2;789.4;510.5;0,05;2;0,1;0,0030959752321981426;0,14147076995057345;0,2883295194508009;0,5218135478873591
Palanquinho;24,2;789.4;510.5;0,05;3;0,2;0,006191950464396285;0,2829415399011469;0,5766590389016018;1,0436270957747182
Palanquinho;24,2;789.4;510.5;0,05;5;0,5;0,015479876160990712;0,7073538497528672;1,4416475972540044;2,609067739436796
Palanquinho;24,2;789.4;510.5;0,05;8;1,4;0,043343653250773995;1,9805907793080282;4,036613272311212;7,305389670423027
Palanquinho;24,2;789.4;510.5;0,05;10;2,1;0,06501547987616099;2,9708861689620423;6,054919908466819;10,958084505634542
Palanquinho;24,2;789.4;510.5;0,05;15;4,3;0,13312693498452013;6,083243107874658;12,398169336384438;22,43798255915644
Palanquinho;24,2;789.4;510.5;0,05;20;7,0;0,21671826625386997;9,90295389654014;20,18306636155606;36,52694835211514
Criúva;23,9;670.4;660.0;0,51;1;0,2;0,006191950464396285;0,2829415399011469;0,5766590389016018;1,0436270957747182
Criúva;23,9;670.4;660.0;0,51;2;0,8;0,02476780185758514;1,1317661596045876;2,306636155606407;4,174508383098873
Criúva;23,9;670.4;660.0;0,51;3;1,5;0,04643962848297214;2,1220615492586017;4,324942791762013;7,8272032183103875
Criúva;23,9;670.4;660.0;0,51;5;3,4;0,10526315789473684;4,8100061783194965;9,80320366132723;17,74166062817021
Criúva;23,9;670.4;660.0;0,51;8;6,6;0,2043343653250774;9,337070816737846;19,029748283752856;34,4396941605657
Criúva;23,9;670.4;660.0;0,51;10;9,0;0,2786377708978328;12,73236929555161;25,94965675057208;46,96321930986232
Criúva;23,9;670.4;660.0;0,51;15;15,8;0,4891640866873065;22,3523816521906;45,55606407322654;82,44654056620274
Criúva;23,9;670.4;660.0;0,51;20;23,9;0,739938080495356;33,81151401818705;68,9107551487414;124,71343794507882
TOTAL_CASCATA;797,3;;;11,06;1;6,8999999999999995;0,2136222910216718;9,76148312658957;19,89473684210526;36,00513480422778
TOTAL_CASCATA;797,3;;;11,06;2;19,900000000000002;0,6160990712074303;28,152683220164114;57,37757437070937;103,84089602958448
TOTAL_CASCATA;797,3;;;11,06;3;36,5;1,130030959752322;51,6368310319593;105,2402745995423;190,46194497888607
TOTAL_CASCATA;797,3;;;11,06;5;79,6;2,4643962848297214;112,61073288065644;229,51029748283747;415,3635841183379
TOTAL_CASCATA;797,3;;;11,06;8;158,79999999999998;4,91640866873065;224,6555826815106;457,8672768878718;828,6399140451263
TOTAL_CASCATA;797,3;;;11,06;10;219,90000000000003;6,8080495356037165;311,0942231213111;634,0366132723111;1147,4679918043025
TOTAL_CASCATA;797,3;;;11,06;15;401,20000000000005;12,421052631578949;567,5807290417006;1156,7780320366128;2093,5159541240846
TOTAL_CASCATA;797,3;;;11,06;20;635,1999999999999;19,6656346749226;898,6223307260424;1831,469107551487;3314,5596561805046
