escopo_busca;eixos_antas;n_eixos;cenario_forqueta;regra_operativa;pico_natural_estrela_m3s;pico_resultante_estrela_m3s;reducao_pico_pct;acima_limiar_4000_m3s;razao_limiar_4000;reducao_vs_evento_2023_pct;area_controlada_antas_km2;volume_usado_antas_hm3;algum_reservatorio_saturou;E10_presente;volume_usado_forqueta_hm3;volume_usado_total_hm3;FQ1_FQ2_mutuamente_exclusivos
adicoes_altj_com_forqueta;E01+E02+E04+E05+E08+E12;6;FQ2;seca;16903,1;6802,4;59,76;2802,4;1,701;60,59;15759,8;2602,2;True;False;148,4;2750,6;True
adicoes_altj_com_forqueta;E01+E02+E03+E04+E05+E08+E12;7;FQ2;seca;16903,1;6802,4;59,76;2802,4;1,701;60,59;15759,8;2637,6;True;False;148,4;2786,0;True
adicoes_altj_com_forqueta;E01+E02+E04+E05+E07+E08+E12;7;FQ2;seca;16903,1;6802,4;59,76;2802,4;1,701;60,59;15759,8;2727,6;True;False;148,4;2876,0;True
adicoes_altj_com_forqueta;E01+E02+E04+E05+E06+E08+E12;7;FQ2;seca;16903,1;6802,4;59,76;2802,4;1,701;60,59;15759,8;2717,3;True;False;148,4;2865,7;True
adicoes_altj_com_forqueta;E01+E02+E04+E05+E08+E09+E12;7;FQ2;seca;16903,1;6802,4;59,76;2802,4;1,701;60,59;15759,8;2661,9;True;False;148,4;2810,3;True
adicoes_altj_com_forqueta;E01+E02+E03+E04+E05+E07+E08+E12;8;FQ2;seca;16903,1;6802,4;59,76;2802,4;1,701;60,59;15759,8;2762,9;True;False;148,4;2911,4;True
adicoes_altj_com_forqueta;E01+E02+E03+E04+E05+E06+E08+E12;8;FQ2;seca;16903,1;6802,4;59,76;2802,4;1,701;60,59;15759,8;2752,6;True;False;148,4;2901,1;True
adicoes_altj_com_forqueta;E01+E02+E04+E05+E08+E11+E12;7;FQ2;seca;16903,1;6802,4;59,76;2802,4;1,701;60,59;15759,8;3000,6;True;False;148,4;3149,0;True
adicoes_altj_com_forqueta;E01+E02+E03+E04+E05+E08+E09+E12;8;FQ2;seca;16903,1;6802,4;59,76;2802,4;1,701;60,59;15759,8;2697,2;True;False;148,4;2845,7;True
adicoes_altj_com_forqueta;E01+E02+E03+E04+E05+E08+E11+E12;8;FQ2;seca;16903,1;6802,4;59,76;2802,4;1,701;60,59;15759,8;3036,0;True;False;148,4;3184,4;True
adicoes_altj_com_forqueta;E01+E02+E04+E05+E08+E09+E11+E12;8;FQ2;seca;16903,1;6802,4;59,76;2802,4;1,701;60,59;15759,8;3060,3;True;False;148,4;3208,7;True
adicoes_altj_com_forqueta;E01+E02+E04+E05+E07+E08+E11+E12;8;FQ2;seca;16903,1;6802,4;59,76;2802,4;1,701;60,59;15759,8;3126,0;True;False;148,4;3274,4;True
adicoes_altj_com_forqueta;E01+E02+E04+E05+E07+E08+E09+E12;8;FQ2;seca;16903,1;6802,4;59,76;2802,4;1,701;60,59;15759,8;2787,2;True;False;148,4;2935,7;True
adicoes_altj_com_forqueta;E01+E02+E04+E05+E06+E08+E11+E12;8;FQ2;seca;16903,1;6802,4;59,76;2802,4;1,701;60,59;15759,8;3115,7;True;False;148,4;3264,1;True
adicoes_altj_com_forqueta;E01+E02+E04+E05+E06+E08+E09+E12;8;FQ2;seca;16903,1;6802,4;59,76;2802,4;1,701;60,59;15759,8;2776,9;True;False;148,4;2925,4;True
adicoes_altj_com_forqueta;E01+E02+E04+E05+E06+E07+E08+E12;8;FQ2;seca;16903,1;6802,4;59,76;2802,4;1,701;60,59;15759,8;2842,7;True;False;148,4;2991,1;True
adicoes_altj_com_forqueta;E01+E02+E03+E04+E05+E06+E07+E08+E12;9;FQ2;seca;16903,1;6802,4;59,76;2802,4;1,701;60,59;15759,8;2878,0;True;False;148,4;3026,4;True
adicoes_altj_com_forqueta;E01+E02+E03+E04+E05+E06+E08+E09+E12;9;FQ2;seca;16903,1;6802,4;59,76;2802,4;1,701;60,59;15759,8;2812,3;True;False;148,4;2960,7;True
adicoes_altj_com_forqueta;E01+E02+E03+E04+E05+E07+E08+E09+E12;9;FQ2;seca;16903,1;6802,4;59,76;2802,4;1,701;60,59;15759,8;2822,6;True;False;148,4;2971,0;True
adicoes_altj_com_forqueta;E01+E02+E03+E04+E05+E06+E08+E11+E12;9;FQ2;seca;16903,1;6802,4;59,76;2802,4;1,701;60,59;15759,8;3151,0;True;False;148,4;3299,5;True
adicoes_altj_com_forqueta;E01+E02+E03+E04+E05+E07+E08+E11+E12;9;FQ2;seca;16903,1;6802,4;59,76;2802,4;1,701;60,59;15759,8;3161,3;True;False;148,4;3309,8;True
adicoes_altj_com_forqueta;E01+E02+E03+E04+E05+E06+E07+E08+E09+E11+E12;11;FQ2;seca;16903,1;6802,4;59,76;2802,4;1,701;60,59;15759,8;3336,1;True;False;148,4;3484,5;True
adicoes_altj_com_forqueta;E01+E02+E04+E05+E06+E07+E08+E09+E11+E12;10;FQ2;seca;16903,1;6802,4;59,76;2802,4;1,701;60,59;15759,8;3300,7;True;False;148,4;3449,1;True
adicoes_altj_com_forqueta;E01+E02+E03+E04+E05+E07+E08+E09+E11+E12;10;FQ2;seca;16903,1;6802,4;59,76;2802,4;1,701;60,59;15759,8;3221,0;True;False;148,4;3369,4;True
adicoes_altj_com_forqueta;E01+E02+E03+E04+E05+E06+E07+E08+E09+E12;10;FQ2;seca;16903,1;6802,4;59,76;2802,4;1,701;60,59;15759,8;2937,7;True;False;148,4;3086,1;True
adicoes_altj_com_forqueta;E01+E02+E03+E04+E05+E06+E07+E08+E11+E12;10;FQ2;seca;16903,1;6802,4;59,76;2802,4;1,701;60,59;15759,8;3276,4;True;False;148,4;3424,8;True
adicoes_altj_com_forqueta;E01+E02+E03+E04+E05+E06+E08+E09+E11+E12;10;FQ2;seca;16903,1;6802,4;59,76;2802,4;1,701;60,59;15759,8;3210,7;True;False;148,4;3359,1;True
adicoes_altj_com_forqueta;E01+E02+E04+E05+E07+E08+E09+E11+E12;9;FQ2;seca;16903,1;6802,4;59,76;2802,4;1,701;60,59;15759,8;3185,6;True;False;148,4;3334,1;True
adicoes_altj_com_forqueta;E01+E02+E04+E05+E06+E08+E09+E11+E12;9;FQ2;seca;16903,1;6802,4;59,76;2802,4;1,701;60,59;15759,8;3175,3;True;False;148,4;3323,8;True
adicoes_altj_com_forqueta;E01+E02+E04+E05+E06+E07+E08+E11+E12;9;FQ2;seca;16903,1;6802,4;59,76;2802,4;1,701;60,59;15759,8;3241,1;True;False;148,4;3389,5;True
adicoes_altj_com_forqueta;E01+E02+E04+E05+E06+E07+E08+E09+E12;9;FQ2;seca;16903,1;6802,4;59,76;2802,4;1,701;60,59;15759,8;2902,3;True;False;148,4;3050,7;True
adicoes_altj_com_forqueta;E01+E02+E03+E04+E05+E08+E09+E11+E12;9;FQ2;seca;16903,1;6802,4;59,76;2802,4;1,701;60,59;15759,8;3095,6;True;False;148,4;3244,1;True
adicoes_altj_com_forqueta;E01+E02+E04+E05+E06+E08+E09+E12;8;FQ1;seca;16903,1;6877,2;59,31;2877,2;1,719;60,16;15759,8;2776,9;True;False;212,3;2989,2;True
adicoes_altj_com_forqueta;E01+E02+E04+E05+E06+E08+E11+E12;8;FQ1;seca;16903,1;6877,2;59,31;2877,2;1,719;60,16;15759,8;3115,7;True;False;212,3;3328,0;True
adicoes_altj_com_forqueta;E01+E02+E04+E05+E07+E08+E11+E12;8;FQ1;seca;16903,1;6877,2;59,31;2877,2;1,719;60,16;15759,8;3126,0;True;False;212,3;3338,3;True
adicoes_altj_com_forqueta;E01+E02+E04+E05+E07+E08+E09+E12;8;FQ1;seca;16903,1;6877,2;59,31;2877,2;1,719;60,16;15759,8;2787,2;True;False;212,3;2999,5;True
adicoes_altj_com_forqueta;E01+E02+E04+E05+E08+E09+E11+E12;8;FQ1;seca;16903,1;6877,2;59,31;2877,2;1,719;60,16;15759,8;3060,3;True;False;212,3;3272,6;True
adicoes_altj_com_forqueta;E01+E02+E03+E04+E05+E06+E08+E11+E12;9;FQ1;seca;16903,1;6877,2;59,31;2877,2;1,719;60,16;15759,8;3151,0;True;False;212,3;3363,3;True
adicoes_altj_com_forqueta;E01+E02+E03+E04+E05+E06+E08+E09+E12;9;FQ1;seca;16903,1;6877,2;59,31;2877,2;1,719;60,16;15759,8;2812,3;True;False;212,3;3024,6;True
adicoes_altj_com_forqueta;E01+E02+E03+E04+E05+E06+E07+E08+E12;9;FQ1;seca;16903,1;6877,2;59,31;2877,2;1,719;60,16;15759,8;2878,0;True;False;212,3;3090,3;True
adicoes_altj_com_forqueta;E01+E02+E03+E04+E05+E07+E08+E09+E12;9;FQ1;seca;16903,1;6877,2;59,31;2877,2;1,719;60,16;15759,8;2822,6;True;False;212,3;3034,9;True
adicoes_altj_com_forqueta;E01+E02+E03+E04+E05+E07+E08+E11+E12;9;FQ1;seca;16903,1;6877,2;59,31;2877,2;1,719;60,16;15759,8;3161,3;True;False;212,3;3373,6;True
adicoes_altj_com_forqueta;E01+E02+E03+E04+E05+E06+E07+E08+E09+E11+E12;11;FQ1;seca;16903,1;6877,2;59,31;2877,2;1,719;60,16;15759,8;3336,1;True;False;212,3;3548,3;True
adicoes_altj_com_forqueta;E01+E02+E04+E05+E06+E07+E08+E09+E11+E12;10;FQ1;seca;16903,1;6877,2;59,31;2877,2;1,719;60,16;15759,8;3300,7;True;False;212,3;3513,0;True
adicoes_altj_com_forqueta;E01+E02+E03+E04+E05+E07+E08+E09+E11+E12;10;FQ1;seca;16903,1;6877,2;59,31;2877,2;1,719;60,16;15759,8;3221,0;True;False;212,3;3433,3;True
adicoes_altj_com_forqueta;E01+E02+E03+E04+E05+E06+E07+E08+E09+E12;10;FQ1;seca;16903,1;6877,2;59,31;2877,2;1,719;60,16;15759,8;2937,7;True;False;212,3;3149,9;True
adicoes_altj_com_forqueta;E01+E02+E03+E04+E05+E06+E08+E09+E11+E12;10;FQ1;seca;16903,1;6877,2;59,31;2877,2;1,719;60,16;15759,8;3210,7;True;False;212,3;3423,0;True
adicoes_altj_com_forqueta;E01+E02+E03+E04+E05+E06+E07+E08+E11+E12;10;FQ1;seca;16903,1;6877,2;59,31;2877,2;1,719;60,16;15759,8;3276,4;True;False;212,3;3488,7;True
adicoes_altj_com_forqueta;E01+E02+E03+E04+E05+E08+E09+E11+E12;9;FQ1;seca;16903,1;6877,2;59,31;2877,2;1,719;60,16;15759,8;3095,6;True;False;212,3;3307,9;True
adicoes_altj_com_forqueta;E01+E02+E04+E05+E06+E07+E08+E09+E12;9;FQ1;seca;16903,1;6877,2;59,31;2877,2;1,719;60,16;15759,8;2902,3;True;False;212,3;3114,6;True
adicoes_altj_com_forqueta;E01+E02+E04+E05+E06+E07+E08+E11+E12;9;FQ1;seca;16903,1;6877,2;59,31;2877,2;1,719;60,16;15759,8;3241,1;True;False;212,3;3453,3;True
adicoes_altj_com_forqueta;E01+E02+E04+E05+E06+E08+E09+E11+E12;9;FQ1;seca;16903,1;6877,2;59,31;2877,2;1,719;60,16;15759,8;3175,3;True;False;212,3;3387,6;True
adicoes_altj_com_forqueta;E01+E02+E04+E05+E07+E08+E09+E11+E12;9;FQ1;seca;16903,1;6877,2;59,31;2877,2;1,719;60,16;15759,8;3185,6;True;False;212,3;3397,9;True
adicoes_altj_com_forqueta;E01+E02+E04+E05+E06+E07+E08+E12;8;FQ1;seca;16903,1;6877,2;59,31;2877,2;1,719;60,16;15759,8;2842,7;True;False;212,3;3054,9;True
adicoes_altj_com_forqueta;E01+E02+E03+E04+E05+E08+E11+E12;8;FQ1;seca;16903,1;6877,2;59,31;2877,2;1,719;60,16;15759,8;3036,0;True;False;212,3;3248,2;True
adicoes_altj_com_forqueta;E01+E02+E03+E04+E05+E08+E09+E12;8;FQ1;seca;16903,1;6877,2;59,31;2877,2;1,719;60,16;15759,8;2697,2;True;False;212,3;2909,5;True
adicoes_altj_com_forqueta;E01+E02+E04+E05+E08+E11+E12;7;FQ1;seca;16903,1;6877,2;59,31;2877,2;1,719;60,16;15759,8;3000,6;True;False;212,3;3212,9;True
adicoes_altj_com_forqueta;E01+E02+E03+E04+E05+E06+E08+E12;8;FQ1;seca;16903,1;6877,2;59,31;2877,2;1,719;60,16;15759,8;2752,6;True;False;212,3;2964,9;True
adicoes_altj_com_forqueta;E01+E02+E03+E04+E05+E07+E08+E12;8;FQ1;seca;16903,1;6877,2;59,31;2877,2;1,719;60,16;15759,8;2762,9;True;False;212,3;2975,2;True
adicoes_altj_com_forqueta;E01+E02+E04+E05+E08+E09+E12;7;FQ1;seca;16903,1;6877,2;59,31;2877,2;1,719;60,16;15759,8;2661,9;True;False;212,3;2874,2;True
adicoes_altj_com_forqueta;E01+E02+E04+E05+E07+E08+E12;7;FQ1;seca;16903,1;6877,2;59,31;2877,2;1,719;60,16;15759,8;2727,6;True;False;212,3;2939,9;True
adicoes_altj_com_forqueta;E01+E02+E04+E05+E06+E08+E12;7;FQ1;seca;16903,1;6877,2;59,31;2877,2;1,719;60,16;15759,8;2717,3;True;False;212,3;2929,6;True
adicoes_altj_com_forqueta;E01+E02+E03+E04+E05+E08+E12;7;FQ1;seca;16903,1;6877,2;59,31;2877,2;1,719;60,16;15759,8;2637,6;True;False;212,3;2849,8;True
adicoes_altj_com_forqueta;E01+E02+E04+E05+E08+E12;6;FQ1;seca;16903,1;6877,2;59,31;2877,2;1,719;60,16;15759,8;2602,2;True;False;212,3;2814,5;True
adicoes_altj_com_forqueta;E01+E02+E04+E05+E06+E07+E08+E09+E12;9;SEM_FORQUETA;seca;16903,1;7005,2;58,56;3005,2;1,751;59,42;15759,8;2902,3;True;False;0,0;2902,3;True
adicoes_altj_com_forqueta;E01+E02+E04+E05+E06+E07+E08+E11+E12;9;SEM_FORQUETA;seca;16903,1;7005,2;58,56;3005,2;1,751;59,42;15759,8;3241,1;True;False;0,0;3241,1;True
adicoes_altj_com_forqueta;E01+E02+E04+E05+E07+E08+E09+E11+E12;9;SEM_FORQUETA;seca;16903,1;7005,2;58,56;3005,2;1,751;59,42;15759,8;3185,6;True;False;0,0;3185,6;True
adicoes_altj_com_forqueta;E01+E02+E04+E05+E06+E08+E09+E11+E12;9;SEM_FORQUETA;seca;16903,1;7005,2;58,56;3005,2;1,751;59,42;15759,8;3175,3;True;False;0,0;3175,3;True
adicoes_altj_com_forqueta;E01+E02+E03+E04+E05+E06+E07+E08+E09+E12;10;SEM_FORQUETA;seca;16903,1;7005,2;58,56;3005,2;1,751;59,42;15759,8;2937,7;True;False;0,0;2937,7;True
adicoes_altj_com_forqueta;E01+E02+E03+E04+E05+E07+E08+E09+E11+E12;10;SEM_FORQUETA;seca;16903,1;7005,2;58,56;3005,2;1,751;59,42;15759,8;3221,0;True;False;0,0;3221,0;True
adicoes_altj_com_forqueta;E01+E02+E03+E04+E05+E06+E08+E09+E11+E12;10;SEM_FORQUETA;seca;16903,1;7005,2;58,56;3005,2;1,751;59,42;15759,8;3210,7;True;False;0,0;3210,7;True
adicoes_altj_com_forqueta;E01+E02+E03+E04+E05+E06+E07+E08+E11+E12;10;SEM_FORQUETA;seca;16903,1;7005,2;58,56;3005,2;1,751;59,42;15759,8;3276,4;True;False;0,0;3276,4;True
adicoes_altj_com_forqueta;E01+E02+E04+E05+E06+E07+E08+E09+E11+E12;10;SEM_FORQUETA;seca;16903,1;7005,2;58,56;3005,2;1,751;59,42;15759,8;3300,7;True;False;0,0;3300,7;True
adicoes_altj_com_forqueta;E01+E02+E03+E04+E05+E06+E07+E08+E09+E11+E12;11;SEM_FORQUETA;seca;16903,1;7005,2;58,56;3005,2;1,751;59,42;15759,8;3336,1;True;False;0,0;3336,1;True
adicoes_altj_com_forqueta;E01+E02+E03+E04+E05+E08+E09+E11+E12;9;SEM_FORQUETA;seca;16903,1;7005,2;58,56;3005,2;1,751;59,42;15759,8;3095,6;True;False;0,0;3095,6;True
adicoes_altj_com_forqueta;E01+E02+E03+E04+E05+E07+E08+E11+E12;9;SEM_FORQUETA;seca;16903,1;7005,2;58,56;3005,2;1,751;59,42;15759,8;3161,3;True;False;0,0;3161,3;True
adicoes_altj_com_forqueta;E01+E02+E03+E04+E05+E07+E08+E09+E12;9;SEM_FORQUETA;seca;16903,1;7005,2;58,56;3005,2;1,751;59,42;15759,8;2822,6;True;False;0,0;2822,6;True
adicoes_altj_com_forqueta;E01+E02+E03+E04+E05+E06+E08+E11+E12;9;SEM_FORQUETA;seca;16903,1;7005,2;58,56;3005,2;1,751;59,42;15759,8;3151,0;True;False;0,0;3151,0;True
adicoes_altj_com_forqueta;E01+E02+E03+E04+E05+E06+E08+E09+E12;9;SEM_FORQUETA;seca;16903,1;7005,2;58,56;3005,2;1,751;59,42;15759,8;2812,3;True;False;0,0;2812,3;True
adicoes_altj_com_forqueta;E01+E02+E03+E04+E05+E06+E07+E08+E12;9;SEM_FORQUETA;seca;16903,1;7005,2;58,56;3005,2;1,751;59,42;15759,8;2878,0;True;False;0,0;2878,0;True
adicoes_altj_com_forqueta;E01+E02+E04+E05+E06+E08+E09+E12;8;SEM_FORQUETA;seca;16903,1;7005,2;58,56;3005,2;1,751;59,42;15759,8;2776,9;True;False;0,0;2776,9;True
adicoes_altj_com_forqueta;E01+E02+E04+E05+E06+E08+E11+E12;8;SEM_FORQUETA;seca;16903,1;7005,2;58,56;3005,2;1,751;59,42;15759,8;3115,7;True;False;0,0;3115,7;True
adicoes_altj_com_forqueta;E01+E02+E04+E05+E07+E08+E09+E12;8;SEM_FORQUETA;seca;16903,1;7005,2;58,56;3005,2;1,751;59,42;15759,8;2787,2;True;False;0,0;2787,2;True
adicoes_altj_com_forqueta;E01+E02+E04+E05+E07+E08+E11+E12;8;SEM_FORQUETA;seca;16903,1;7005,2;58,56;3005,2;1,751;59,42;15759,8;3126,0;True;False;0,0;3126,0;True
adicoes_altj_com_forqueta;E01+E02+E04+E05+E08+E09+E11+E12;8;SEM_FORQUETA;seca;16903,1;7005,2;58,56;3005,2;1,751;59,42;15759,8;3060,3;True;False;0,0;3060,3;True
adicoes_altj_com_forqueta;E01+E02+E04+E05+E06+E07+E08+E12;8;SEM_FORQUETA;seca;16903,1;7005,2;58,56;3005,2;1,751;59,42;15759,8;2842,7;True;False;0,0;2842,7;True
adicoes_altj_com_forqueta;E01+E02+E03+E04+E05+E08+E11+E12;8;SEM_FORQUETA;seca;16903,1;7005,2;58,56;3005,2;1,751;59,42;15759,8;3036,0;True;False;0,0;3036,0;True
adicoes_altj_com_forqueta;E01+E02+E03+E04+E05+E08+E09+E12;8;SEM_FORQUETA;seca;16903,1;7005,2;58,56;3005,2;1,751;59,42;15759,8;2697,2;True;False;0,0;2697,2;True
adicoes_altj_com_forqueta;E01+E02+E03+E04+E05+E06+E08+E12;8;SEM_FORQUETA;seca;16903,1;7005,2;58,56;3005,2;1,751;59,42;15759,8;2752,6;True;False;0,0;2752,6;True
adicoes_altj_com_forqueta;E01+E02+E03+E04+E05+E07+E08+E12;8;SEM_FORQUETA;seca;16903,1;7005,2;58,56;3005,2;1,751;59,42;15759,8;2762,9;True;False;0,0;2762,9;True
adicoes_altj_com_forqueta;E01+E02+E04+E05+E08+E11+E12;7;SEM_FORQUETA;seca;16903,1;7005,2;58,56;3005,2;1,751;59,42;15759,8;3000,6;True;False;0,0;3000,6;True
adicoes_altj_com_forqueta;E01+E02+E04+E05+E08+E09+E12;7;SEM_FORQUETA;seca;16903,1;7005,2;58,56;3005,2;1,751;59,42;15759,8;2661,9;True;False;0,0;2661,9;True
adicoes_altj_com_forqueta;E01+E02+E04+E05+E07+E08+E12;7;SEM_FORQUETA;seca;16903,1;7005,2;58,56;3005,2;1,751;59,42;15759,8;2727,6;True;False;0,0;2727,6;True
adicoes_altj_com_forqueta;E01+E02+E04+E05+E06+E08+E12;7;SEM_FORQUETA;seca;16903,1;7005,2;58,56;3005,2;1,751;59,42;15759,8;2717,3;True;False;0,0;2717,3;True
adicoes_altj_com_forqueta;E01+E02+E03+E04+E05+E08+E12;7;SEM_FORQUETA;seca;16903,1;7005,2;58,56;3005,2;1,751;59,42;15759,8;2637,6;True;False;0,0;2637,6;True
adicoes_altj_com_forqueta;E01+E02+E04+E05+E08+E12;6;SEM_FORQUETA;seca;16903,1;7005,2;58,56;3005,2;1,751;59,42;15759,8;2602,2;True;False;0,0;2602,2;True
adicoes_altj_com_forqueta;E01+E02+E03+E04+E05+E07+E08+E11+E12;9;FQ1;comportas;16903,1;7887,0;53,34;3887,0;1,972;54,31;15759,8;2666,3;True;False;142,8;2809,1;True
adicoes_altj_com_forqueta;E01+E02+E03+E04+E05+E07+E08+E09+E12;9;FQ1;comportas;16903,1;7887,0;53,34;3887,0;1,972;54,31;15759,8;2492,5;True;False;142,8;2635,3;True
adicoes_altj_com_forqueta;E01+E02+E03+E04+E05+E06+E08+E09+E12;9;FQ1;comportas;16903,1;7887,0;53,34;3887,0;1,972;54,31;15759,8;2490,4;True;False;142,8;2633,2;True
adicoes_altj_com_forqueta;E01+E02+E03+E04+E05+E06+E08+E11+E12;9;FQ1;comportas;16903,1;7887,0;53,34;3887,0;1,972;54,31;15759,8;2664,2;True;False;142,8;2807,0;True
adicoes_altj_com_forqueta;E01+E02+E03+E04+E05+E06+E07+E08+E12;9;FQ1;comportas;16903,1;7887,0;53,34;3887,0;1,972;54,31;15759,8;2559,8;True;False;142,8;2702,6;True
adicoes_altj_com_forqueta;E01+E02+E04+E05+E07+E08+E09+E12;8;FQ1;comportas;16903,1;7887,0;53,34;3887,0;1,972;54,31;15759,8;2466,9;True;False;142,8;2609,7;True
adicoes_altj_com_forqueta;E01+E02+E04+E05+E07+E08+E11+E12;8;FQ1;comportas;16903,1;7887,0;53,34;3887,0;1,972;54,31;15759,8;2640,7;True;False;142,8;2783,6;True
adicoes_altj_com_forqueta;E01+E02+E04+E05+E08+E09+E11+E12;8;FQ1;comportas;16903,1;7887,0;53,34;3887,0;1,972;54,31;15759,8;2571,4;True;False;142,8;2714,2;True
adicoes_altj_com_forqueta;E01+E02+E04+E05+E06+E08+E11+E12;8;FQ1;comportas;16903,1;7887,0;53,34;3887,0;1,972;54,31;15759,8;2638,7;True;False;142,8;2781,5;True
adicoes_altj_com_forqueta;E01+E02+E04+E05+E06+E08+E09+E12;8;FQ1;comportas;16903,1;7887,0;53,34;3887,0;1,972;54,31;15759,8;2464,8;True;False;142,8;2607,7;True
adicoes_altj_com_forqueta;E01+E02+E04+E05+E08+E11+E12;7;FQ1;comportas;16903,1;7887,0;53,34;3887,0;1,972;54,31;15759,8;2545,1;True;False;142,8;2687,9;True
adicoes_altj_com_forqueta;E01+E02+E03+E04+E05+E06+E08+E12;8;FQ1;comportas;16903,1;7887,0;53,34;3887,0;1,972;54,31;15759,8;2464,2;True;False;142,8;2607,0;True
adicoes_altj_com_forqueta;E01+E02+E03+E04+E05+E07+E08+E12;8;FQ1;comportas;16903,1;7887,0;53,34;3887,0;1,972;54,31;15759,8;2466,2;True;False;142,8;2609,0;True
adicoes_altj_com_forqueta;E01+E02+E03+E04+E05+E08+E09+E12;8;FQ1;comportas;16903,1;7887,0;53,34;3887,0;1,972;54,31;15759,8;2396,8;True;False;142,8;2539,6;True
adicoes_altj_com_forqueta;E01+E02+E03+E04+E05+E08+E11+E12;8;FQ1;comportas;16903,1;7887,0;53,34;3887,0;1,972;54,31;15759,8;2570,7;True;False;142,8;2713,5;True
adicoes_altj_com_forqueta;E01+E02+E04+E05+E06+E07+E08+E12;8;FQ1;comportas;16903,1;7887,0;53,34;3887,0;1,972;54,31;15759,8;2534,2;True;False;142,8;2677,0;True
adicoes_altj_com_forqueta;E01+E02+E04+E05+E08+E09+E12;7;FQ1;comportas;16903,1;7887,0;53,34;3887,0;1,972;54,31;15759,8;2371,3;True;False;142,8;2514,1;True
adicoes_altj_com_forqueta;E01+E02+E04+E05+E07+E08+E12;7;FQ1;comportas;16903,1;7887,0;53,34;3887,0;1,972;54,31;15759,8;2440,7;True;False;142,8;2583,5;True
adicoes_altj_com_forqueta;E01+E02+E03+E04+E05+E08+E12;7;FQ1;comportas;16903,1;7887,0;53,34;3887,0;1,972;54,31;15759,8;2370,6;True;False;142,8;2513,4;True
adicoes_altj_com_forqueta;E01+E02+E04+E05+E06+E08+E12;7;FQ1;comportas;16903,1;7887,0;53,34;3887,0;1,972;54,31;15759,8;2438,6;True;False;142,8;2581,4;True
adicoes_altj_com_forqueta;E01+E02+E04+E05+E08+E12;6;FQ1;comportas;16903,1;7887,0;53,34;3887,0;1,972;54,31;15759,8;2345,0;True;False;142,8;2487,8;True
adicoes_altj_com_forqueta;E01+E02+E03+E04+E05+E08+E09+E11+E12;9;FQ1;comportas;16903,1;7887,0;53,34;3887,0;1,972;54,31;15759,8;2596,9;True;False;142,8;2739,7;True
adicoes_altj_com_forqueta;E01+E02+E04+E05+E06+E07+E08+E09+E12;9;FQ1;comportas;16903,1;7887,0;53,34;3887,0;1,972;54,31;15759,8;2560,5;True;False;142,8;2703,3;True
adicoes_altj_com_forqueta;E01+E02+E04+E05+E06+E07+E08+E11+E12;9;FQ1;comportas;16903,1;7887,0;53,34;3887,0;1,972;54,31;15759,8;2734,3;True;False;142,8;2877,1;True
adicoes_altj_com_forqueta;E01+E02+E03+E04+E05+E06+E07+E08+E09+E12;10;FQ1;comportas;16903,1;7887,0;53,34;3887,0;1,972;54,31;15759,8;2586,0;True;False;142,8;2728,8;True
adicoes_altj_com_forqueta;E01+E02+E04+E05+E07+E08+E09+E11+E12;9;FQ1;comportas;16903,1;7887,0;53,34;3887,0;1,972;54,31;15759,8;2667,0;True;False;142,8;2809,8;True
adicoes_altj_com_forqueta;E01+E02+E04+E05+E06+E08+E09+E11+E12;9;FQ1;comportas;16903,1;7887,0;53,34;3887,0;1,972;54,31;15759,8;2664,9;True;False;142,8;2807,7;True
adicoes_altj_com_forqueta;E01+E02+E03+E04+E05+E06+E07+E08+E11+E12;10;FQ1;comportas;16903,1;7887,0;53,34;3887,0;1,972;54,31;15759,8;2759,9;True;False;142,8;2902,7;True
adicoes_altj_com_forqueta;E01+E02+E03+E04+E05+E06+E08+E09+E11+E12;10;FQ1;comportas;16903,1;7887,0;53,34;3887,0;1,972;54,31;15759,8;2690,5;True;False;142,8;2833,3;True
adicoes_altj_com_forqueta;E01+E02+E03+E04+E05+E07+E08+E09+E11+E12;10;FQ1;comportas;16903,1;7887,0;53,34;3887,0;1,972;54,31;15759,8;2692,5;True;False;142,8;2835,3;True
adicoes_altj_com_forqueta;E01+E02+E04+E05+E06+E07+E08+E09+E11+E12;10;FQ1;comportas;16903,1;7887,0;53,34;3887,0;1,972;54,31;15759,8;2760,6;True;False;142,8;2903,4;True
adicoes_altj_com_forqueta;E01+E02+E03+E04+E05+E06+E07+E08+E09+E11+E12;11;FQ1;comportas;16903,1;7887,0;53,34;3887,0;1,972;54,31;15759,8;2786,1;True;False;142,8;2928,9;True
adicoes_altj_com_forqueta;E01+E02+E04+E05+E06+E07+E08+E12;8;SEM_FORQUETA;comportas;16903,1;8301,3;50,89;4301,3;2,075;51,91;15759,8;2534,2;True;False;0,0;2534,2;True
adicoes_altj_com_forqueta;E01+E02+E03+E04+E05+E08+E11+E12;8;SEM_FORQUETA;comportas;16903,1;8301,3;50,89;4301,3;2,075;51,91;15759,8;2570,7;True;False;0,0;2570,7;True
adicoes_altj_com_forqueta;E01+E02+E03+E04+E05+E08+E09+E12;8;SEM_FORQUETA;comportas;16903,1;8301,3;50,89;4301,3;2,075;51,91;15759,8;2396,8;True;False;0,0;2396,8;True
adicoes_altj_com_forqueta;E01+E02+E03+E04+E05+E07+E08+E12;8;SEM_FORQUETA;comportas;16903,1;8301,3;50,89;4301,3;2,075;51,91;15759,8;2466,2;True;False;0,0;2466,2;True
adicoes_altj_com_forqueta;E01+E02+E03+E04+E05+E06+E08+E12;8;SEM_FORQUETA;comportas;16903,1;8301,3;50,89;4301,3;2,075;51,91;15759,8;2464,2;True;False;0,0;2464,2;True
adicoes_altj_com_forqueta;E01+E02+E04+E05+E07+E08+E12;7;SEM_FORQUETA;comportas;16903,1;8301,3;50,89;4301,3;2,075;51,91;15759,8;2440,7;True;False;0,0;2440,7;True
adicoes_altj_com_forqueta;E01+E02+E04+E05+E08+E09+E12;7;SEM_FORQUETA;comportas;16903,1;8301,3;50,89;4301,3;2,075;51,91;15759,8;2371,3;True;False;0,0;2371,3;True
adicoes_altj_com_forqueta;E01+E02+E04+E05+E08+E11+E12;7;SEM_FORQUETA;comportas;16903,1;8301,3;50,89;4301,3;2,075;51,91;15759,8;2545,1;True;False;0,0;2545,1;True
adicoes_altj_com_forqueta;E01+E02+E04+E05+E06+E08+E12;7;SEM_FORQUETA;comportas;16903,1;8301,3;50,89;4301,3;2,075;51,91;15759,8;2438,6;True;False;0,0;2438,6;True
adicoes_altj_com_forqueta;E01+E02+E03+E04+E05+E08+E12;7;SEM_FORQUETA;comportas;16903,1;8301,3;50,89;4301,3;2,075;51,91;15759,8;2370,6;True;False;0,0;2370,6;True
adicoes_altj_com_forqueta;E01+E02+E04+E05+E08+E12;6;SEM_FORQUETA;comportas;16903,1;8301,3;50,89;4301,3;2,075;51,91;15759,8;2345,0;True;False;0,0;2345,0;True
adicoes_altj_com_forqueta;E01+E02+E04+E05+E06+E07+E08+E09+E12;9;SEM_FORQUETA;comportas;16903,1;8301,3;50,89;4301,3;2,075;51,91;15759,8;2560,5;True;False;0,0;2560,5;True
adicoes_altj_com_forqueta;E01+E02+E04+E05+E06+E07+E08+E11+E12;9;SEM_FORQUETA;comportas;16903,1;8301,3;50,89;4301,3;2,075;51,91;15759,8;2734,3;True;False;0,0;2734,3;True
adicoes_altj_com_forqueta;E01+E02+E04+E05+E06+E08+E09+E11+E12;9;SEM_FORQUETA;comportas;16903,1;8301,3;50,89;4301,3;2,075;51,91;15759,8;2664,9;True;False;0,0;2664,9;True
adicoes_altj_com_forqueta;E01+E02+E04+E05+E07+E08+E09+E11+E12;9;SEM_FORQUETA;comportas;16903,1;8301,3;50,89;4301,3;2,075;51,91;15759,8;2667,0;True;False;0,0;2667,0;True
adicoes_altj_com_forqueta;E01+E02+E03+E04+E05+E06+E07+E08+E09+E12;10;SEM_FORQUETA;comportas;16903,1;8301,3;50,89;4301,3;2,075;51,91;15759,8;2586,0;True;False;0,0;2586,0;True
adicoes_altj_com_forqueta;E01+E02+E03+E04+E05+E06+E07+E08+E09+E11+E12;11;SEM_FORQUETA;comportas;16903,1;8301,3;50,89;4301,3;2,075;51,91;15759,8;2786,1;True;False;0,0;2786,1;True
adicoes_altj_com_forqueta;E01+E02+E04+E05+E06+E07+E08+E09+E11+E12;10;SEM_FORQUETA;comportas;16903,1;8301,3;50,89;4301,3;2,075;51,91;15759,8;2760,6;True;False;0,0;2760,6;True
adicoes_altj_com_forqueta;E01+E02+E03+E04+E05+E06+E08+E09+E11+E12;10;SEM_FORQUETA;comportas;16903,1;8301,3;50,89;4301,3;2,075;51,91;15759,8;2690,5;True;False;0,0;2690,5;True
adicoes_altj_com_forqueta;E01+E02+E03+E04+E05+E07+E08+E09+E11+E12;10;SEM_FORQUETA;comportas;16903,1;8301,3;50,89;4301,3;2,075;51,91;15759,8;2692,5;True;False;0,0;2692,5;True
adicoes_altj_com_forqueta;E01+E02+E03+E04+E05+E06+E07+E08+E11+E12;10;SEM_FORQUETA;comportas;16903,1;8301,3;50,89;4301,3;2,075;51,91;15759,8;2759,9;True;False;0,0;2759,9;True
adicoes_altj_com_forqueta;E01+E02+E04+E05+E06+E08+E09+E12;8;SEM_FORQUETA;comportas;16903,1;8301,3;50,89;4301,3;2,075;51,91;15759,8;2464,8;True;False;0,0;2464,8;True
adicoes_altj_com_forqueta;E01+E02+E04+E05+E06+E08+E11+E12;8;SEM_FORQUETA;comportas;16903,1;8301,3;50,89;4301,3;2,075;51,91;15759,8;2638,7;True;False;0,0;2638,7;True
adicoes_altj_com_forqueta;E01+E02+E04+E05+E07+E08+E09+E12;8;SEM_FORQUETA;comportas;16903,1;8301,3;50,89;4301,3;2,075;51,91;15759,8;2466,9;True;False;0,0;2466,9;True
adicoes_altj_com_forqueta;E01+E02+E04+E05+E08+E09+E11+E12;8;SEM_FORQUETA;comportas;16903,1;8301,3;50,89;4301,3;2,075;51,91;15759,8;2571,4;True;False;0,0;2571,4;True
adicoes_altj_com_forqueta;E01+E02+E04+E05+E07+E08+E11+E12;8;SEM_FORQUETA;comportas;16903,1;8301,3;50,89;4301,3;2,075;51,91;15759,8;2640,7;True;False;0,0;2640,7;True
adicoes_altj_com_forqueta;E01+E02+E03+E04+E05+E06+E07+E08+E12;9;SEM_FORQUETA;comportas;16903,1;8301,3;50,89;4301,3;2,075;51,91;15759,8;2559,8;True;False;0,0;2559,8;True
adicoes_altj_com_forqueta;E01+E02+E03+E04+E05+E06+E08+E09+E12;9;SEM_FORQUETA;comportas;16903,1;8301,3;50,89;4301,3;2,075;51,91;15759,8;2490,4;True;False;0,0;2490,4;True
adicoes_altj_com_forqueta;E01+E02+E03+E04+E05+E06+E08+E11+E12;9;SEM_FORQUETA;comportas;16903,1;8301,3;50,89;4301,3;2,075;51,91;15759,8;2664,2;True;False;0,0;2664,2;True
adicoes_altj_com_forqueta;E01+E02+E03+E04+E05+E07+E08+E09+E12;9;SEM_FORQUETA;comportas;16903,1;8301,3;50,89;4301,3;2,075;51,91;15759,8;2492,5;True;False;0,0;2492,5;True
adicoes_altj_com_forqueta;E01+E02+E03+E04+E05+E07+E08+E11+E12;9;SEM_FORQUETA;comportas;16903,1;8301,3;50,89;4301,3;2,075;51,91;15759,8;2666,3;True;False;0,0;2666,3;True
adicoes_altj_com_forqueta;E01+E02+E03+E04+E05+E08+E09+E11+E12;9;SEM_FORQUETA;comportas;16903,1;8301,3;50,89;4301,3;2,075;51,91;15759,8;2596,9;True;False;0,0;2596,9;True
adicoes_altj_com_forqueta;E01+E02+E03+E04+E05+E07+E08+E11+E12;9;FQ2;comportas;16903,1;8319,7;50,78;4319,7;2,08;51,8;15759,8;2666,3;True;False;89,7;2756,0;True
adicoes_altj_com_forqueta;E01+E02+E03+E04+E05+E07+E08+E09+E12;9;FQ2;comportas;16903,1;8319,7;50,78;4319,7;2,08;51,8;15759,8;2492,5;True;False;89,7;2582,2;True
adicoes_altj_com_forqueta;E01+E02+E03+E04+E05+E06+E08+E11+E12;9;FQ2;comportas;16903,1;8319,7;50,78;4319,7;2,08;51,8;15759,8;2664,2;True;False;89,7;2753,9;True
adicoes_altj_com_forqueta;E01+E02+E03+E04+E05+E06+E08+E09+E12;9;FQ2;comportas;16903,1;8319,7;50,78;4319,7;2,08;51,8;15759,8;2490,4;True;False;89,7;2580,1;True
adicoes_altj_com_forqueta;E01+E02+E03+E04+E05+E06+E07+E08+E12;9;FQ2;comportas;16903,1;8319,7;50,78;4319,7;2,08;51,8;15759,8;2559,8;True;False;89,7;2649,5;True
adicoes_altj_com_forqueta;E01+E02+E04+E05+E07+E08+E09+E12;8;FQ2;comportas;16903,1;8319,7;50,78;4319,7;2,08;51,8;15759,8;2466,9;True;False;89,7;2556,6;True
adicoes_altj_com_forqueta;E01+E02+E04+E05+E07+E08+E11+E12;8;FQ2;comportas;16903,1;8319,7;50,78;4319,7;2,08;51,8;15759,8;2640,7;True;False;89,7;2730,5;True
adicoes_altj_com_forqueta;E01+E02+E04+E05+E08+E09+E11+E12;8;FQ2;comportas;16903,1;8319,7;50,78;4319,7;2,08;51,8;15759,8;2571,4;True;False;89,7;2661,1;True
adicoes_altj_com_forqueta;E01+E02+E04+E05+E06+E08+E11+E12;8;FQ2;comportas;16903,1;8319,7;50,78;4319,7;2,08;51,8;15759,8;2638,7;True;False;89,7;2728,4;True
adicoes_altj_com_forqueta;E01+E02+E04+E05+E06+E08+E09+E12;8;FQ2;comportas;16903,1;8319,7;50,78;4319,7;2,08;51,8;15759,8;2464,8;True;False;89,7;2554,6;True
adicoes_altj_com_forqueta;E01+E02+E04+E05+E06+E07+E08+E12;8;FQ2;comportas;16903,1;8319,7;50,78;4319,7;2,08;51,8;15759,8;2534,2;True;False;89,7;2624,0;True
adicoes_altj_com_forqueta;E01+E02+E04+E05+E08+E11+E12;7;FQ2;comportas;16903,1;8319,7;50,78;4319,7;2,08;51,8;15759,8;2545,1;True;False;89,7;2634,8;True
adicoes_altj_com_forqueta;E01+E02+E03+E04+E05+E07+E08+E12;8;FQ2;comportas;16903,1;8319,7;50,78;4319,7;2,08;51,8;15759,8;2466,2;True;False;89,7;2555,9;True
adicoes_altj_com_forqueta;E01+E02+E03+E04+E05+E06+E08+E12;8;FQ2;comportas;16903,1;8319,7;50,78;4319,7;2,08;51,8;15759,8;2464,2;True;False;89,7;2553,9;True
adicoes_altj_com_forqueta;E01+E02+E03+E04+E05+E08+E09+E12;8;FQ2;comportas;16903,1;8319,7;50,78;4319,7;2,08;51,8;15759,8;2396,8;True;False;89,7;2486,6;True
adicoes_altj_com_forqueta;E01+E02+E03+E04+E05+E08+E11+E12;8;FQ2;comportas;16903,1;8319,7;50,78;4319,7;2,08;51,8;15759,8;2570,7;True;False;89,7;2660,4;True
adicoes_altj_com_forqueta;E01+E02+E04+E05+E08+E09+E12;7;FQ2;comportas;16903,1;8319,7;50,78;4319,7;2,08;51,8;15759,8;2371,3;True;False;89,7;2461,0;True
adicoes_altj_com_forqueta;E01+E02+E04+E05+E07+E08+E12;7;FQ2;comportas;16903,1;8319,7;50,78;4319,7;2,08;51,8;15759,8;2440,7;True;False;89,7;2530,4;True
adicoes_altj_com_forqueta;E01+E02+E04+E05+E06+E08+E12;7;FQ2;comportas;16903,1;8319,7;50,78;4319,7;2,08;51,8;15759,8;2438,6;True;False;89,7;2528,3;True
adicoes_altj_com_forqueta;E01+E02+E03+E04+E05+E08+E12;7;FQ2;comportas;16903,1;8319,7;50,78;4319,7;2,08;51,8;15759,8;2370,6;True;False;89,7;2460,3;True
adicoes_altj_com_forqueta;E01+E02+E04+E05+E08+E12;6;FQ2;comportas;16903,1;8319,7;50,78;4319,7;2,08;51,8;15759,8;2345,0;True;False;89,7;2434,8;True
adicoes_altj_com_forqueta;E01+E02+E03+E04+E05+E08+E09+E11+E12;9;FQ2;comportas;16903,1;8319,7;50,78;4319,7;2,08;51,8;15759,8;2596,9;True;False;89,7;2686,6;True
adicoes_altj_com_forqueta;E01+E02+E04+E05+E06+E07+E08+E09+E12;9;FQ2;comportas;16903,1;8319,7;50,78;4319,7;2,08;51,8;15759,8;2560,5;True;False;89,7;2650,2;True
adicoes_altj_com_forqueta;E01+E02+E04+E05+E06+E07+E08+E11+E12;9;FQ2;comportas;16903,1;8319,7;50,78;4319,7;2,08;51,8;15759,8;2734,3;True;False;89,7;2824,0;True
adicoes_altj_com_forqueta;E01+E02+E04+E05+E07+E08+E09+E11+E12;9;FQ2;comportas;16903,1;8319,7;50,78;4319,7;2,08;51,8;15759,8;2667,0;True;False;89,7;2756,7;True
adicoes_altj_com_forqueta;E01+E02+E04+E05+E06+E08+E09+E11+E12;9;FQ2;comportas;16903,1;8319,7;50,78;4319,7;2,08;51,8;15759,8;2664,9;True;False;89,7;2754,6;True
adicoes_altj_com_forqueta;E01+E02+E03+E04+E05+E06+E07+E08+E09+E12;10;FQ2;comportas;16903,1;8319,7;50,78;4319,7;2,08;51,8;15759,8;2586,0;True;False;89,7;2675,8;True
adicoes_altj_com_forqueta;E01+E02+E03+E04+E05+E06+E07+E08+E11+E12;10;FQ2;comportas;16903,1;8319,7;50,78;4319,7;2,08;51,8;15759,8;2759,9;True;False;89,7;2849,6;True
adicoes_altj_com_forqueta;E01+E02+E03+E04+E05+E06+E08+E09+E11+E12;10;FQ2;comportas;16903,1;8319,7;50,78;4319,7;2,08;51,8;15759,8;2690,5;True;False;89,7;2780,2;True
adicoes_altj_com_forqueta;E01+E02+E03+E04+E05+E07+E08+E09+E11+E12;10;FQ2;comportas;16903,1;8319,7;50,78;4319,7;2,08;51,8;15759,8;2692,5;True;False;89,7;2782,3;True
adicoes_altj_com_forqueta;E01+E02+E04+E05+E06+E07+E08+E09+E11+E12;10;FQ2;comportas;16903,1;8319,7;50,78;4319,7;2,08;51,8;15759,8;2760,6;True;False;89,7;2850,3;True
adicoes_altj_com_forqueta;E01+E02+E03+E04+E05+E06+E07+E08+E09+E11+E12;11;FQ2;comportas;16903,1;8319,7;50,78;4319,7;2,08;51,8;15759,8;2786,1;True;False;89,7;2875,8;True
