eixo;variavel;grau;altura_centro_m;meia_amplitude_m;rmse_unidade;erro_max_abs_unidade;monotono_no_intervalo;coef_c0;coef_c1;coef_c2;coef_c3;coef_c4
E01;area;2;65,0;55,0;0,14557059498528827;0,43130999435347483;True;6,752944099378883;8,914021739130435;2,770599378881989;;
E01;area;3;65,0;55,0;0,13013432231561667;0,396807105937544;True;6,752944099378883;8,664163322185063;2,7705993788819905;0,3826945373467083;
E01;area;4;65,0;55,0;0,12364262036710677;0,34575960271612516;True;6,799048054919906;8,66416332218506;2,34418704649025;0,38269453734672154;0,4589215318116902
E01;volume;2;65,0;55,0;8,340549626674806;18,58739130434776;False;180,5990062111802;404,56195652173915;242,851645962733;;
E01;volume;3;65,0;55,0;0,7401087597534647;1,93342309864056;True;180,5990062111802;372,74353957636566;242,851645962733;48,73453734671115;
E01;volume;4;65,0;55,0;0,527451710818541;1,5024627546368947;True;181,1887414187643;372,7435395763656;237,39722535156162;48,73453734671159;5,8702595395963355
E02;area;2;65,0;55,0;0,3247726073095534;0,5817955957086429;True;10,482757763975158;15,081956521739128;5,784155279503113;;
E02;area;3;65,0;55,0;0,22174917029528074;0,42492420622855676;True;10,482757763975158;15,990764771460427;5,784155279503113;-1,3919721293199618;
E02;area;4;65,0;55,0;0,16831039550056592;0,30928779077520474;True;10,318764302059497;15,990764771460427;7,300919595532854;-1,391972129319949;-1,6324007314831044
E02;volume;2;65,0;55,0;19,340319996349372;41,089130434783144;False;274,11552795031076;647,1239130434782;422,29751552795057;;
E02;volume;3;65,0;55,0;2,815503060742075;5,098394648829753;True;274,11552795031076;573,839303232999;422,2975155279506;112,24604793756954;
E02;volume;4;65,0;55,0;1,4499453064750865;2,6753775743706996;True;271,3741418764304;573,8393032329991;447,6524078800676;112,24604793757014;-27,287920993955883
E03;area;2;65,0;55,0;0,10451687088367628;0,36192546583851026;True;2,9598385093167705;3,9472826086956525;1,2104440993788823;;
E03;area;3;65,0;55,0;0,10293212239762133;0,34514376927420454;True;2,9598385093167705;3,8778383500557414;1,2104440993788823;0,10636399108138152;
E03;area;4;65,0;55,0;0,09598954536012824;0,29815973500184256;True;3,002050343249428;3,877838350055744;0,8200297336149712;0,10636399108138422;0,4201791204600153
E03;volume;2;65,0;55,0;3,5311712577382393;7,843478260869517;False;78,0465838509317;177,06304347826082;107,94689440993793;;
E03;volume;3;65,0;55,0;0,4967898075952701;1,366572557876907;True;78,0465838509317;163,67311594202897;107,94689440993793;20,50862318840571;
E03;volume;4;65,0;55,0;0,48235973409402666;1,217077125772846;True;78,18160183066361;163,673115942029;106,69812234739568;20,508623188405966;1,343977048250567
E04;area;2;65,0;55,0;0,09217556703500998;0,18189158667418237;True;18,190509316770193;19,207717391304346;4,852947204968954;;
E04;area;3;65,0;55,0;0,089654985294454;0,1932141771272038;True;18,190509316770193;19,28971181716834;4,852947204968954;-0,1255863991081501;
E04;area;4;65,0;55,0;0,08867302535020456;0,176571399614887;True;18,175478260869564;19,28971181716834;4,991968413229269;-0,12558639910812133;-0,14962002972870717
E04;volume;2;65,0;55,0;15,039380770241943;30,969130434783416;True;590,78099378882;1060,7434782608696;529,331614906833;;
E04;volume;3;65,0;55,0;0,6178823493059797;1,0902202145681485;True;590,78099378882;1003,1910535117054;529,3316149068326;88,1499163879595;
E04;volume;4;65,0;55,0;0,4337810748436328;0,7644171160645783;True;590,28118993135;1003,1910535117055;533,9542666099476;88,14991638796066;-4,9750775000489655
E05;area;2;65,0;55,0;1,013015645345314;2,648960474308301;False;5,018086956521739;12,255543478260872;8,07471739130435;;
E05;area;3;65,0;55,0;0,9886318405637415;2,724909090909091;False;5,018086956521739;13,101688963210698;8,07471739130435;-1,2959949832775899;
E05;area;4;65,0;55,0;0,7946940124359352;2,1075109215727084;True;4,350082379862703;13,1016889632107;14,253046045297188;-1,2959949832775857;-6,649357522149858
E05;volume;2;65,0;55,0;30,46486295219777;56,94347826086975;False;87,48385093167707;372,4673913043477;343,6270186335404;;
E05;volume;3;65,0;55,0;7,0294328579423535;15,867699691612785;True;87,48385093167707;258,93505574136;343,62701863354044;173,89129877368995;
E05;volume;4;65,0;55,0;6,551142923027797;13,826405402378015;True;84,58892448512587;258,9350557413604;370,4019953940031;173,89129877369038;-28,81627104969753
E06;area;2;65,0;55,0;0,9723424142021097;2,7887351778656146;False;6,264968944099381;11,523369565217386;7,51296583850932;;
E06;area;3;65,0;55,0;0,803534651573423;2,1806226816661614;True;6,264968944099381;9,426346711259752;7,512965838509322;3,2118957636566257;
E06;area;4;65,0;55,0;0,7084076989101278;2,2017096541902;True;5,834192219679631;9,426346711259756;11,497190307848774;3,2118957636566416;-4,2879772878405555
E06;volume;2;65,0;55,0;27,634114202260907;59,743043478260915;False;181,29043478260877;431,961956521739;297,50456521739136;;
E06;volume;3;65,0;55,0;8,436102350888582;17,69005472788092;True;181,29043478260877;331,17530657748046;297,5045652173915;154,36942586399095;
E06;volume;4;65,0;55,0;4,700834796032228;13,822918180217926;True;189,2472768878718;331,1753065774806;223,91227664339206;154,36942586399124;79,20288236617202
E07;area;2;65,0;55,0;0,9743401144269356;2,786347826086958;False;6,982770186335405;11,887282608695653;7,4939037267080755;;
E07;area;3;65,0;55,0;0,8014595386174221;2,1709565217391322;True;6,982770186335405;9,765159420289853;7,4939037267080755;3,2503405797101457;
E07;area;4;65,0;55,0;0,7066048933905883;2,1919862700228823;True;6,553162471395881;9,765159420289855;11,467316107297217;3,2503405797101563;-4,276340897533677
E07;volume;2;65,0;55,0;27,585218941994558;59,683043478260515;False;213,36857142857156;471,2793478260871;307,36903726708096;;
E07;volume;3;65,0;55,0;8,466956786978399;17,750771836858917;True;213,36857142857156;370,7274080267558;307,36903726708084;154,00993311036805;
E07;volume;4;65,0;55,0;4,710763998560846;13,866803539709736;True;221,36004576659045;370,7274080267559;233,45643754033875;154,00993311036842;79,54761368303757
E08;area;2;65,0;55,0;1,1081130002084367;2,931066064370416;False;10,679242236024848;15,930217391304348;8,619149068322983;;
E08;area;3;65,0;55,0;0,8439662508166875;2,0765586152977455;True;10,679242236024848;13,179969342251947;8,61914906832298;4,21240523968785;
E08;area;4;65,0;55,0;0,8068704491629973;2,2131728728936935;True;10,398151029748284;13,179969342251942;11,218942415263353;4,2124052396878655;-2,7979986846994964
E08;volume;2;65,0;55,0;29,82863703739911;66,9578260869564;False;332,52372670807466;692,240217391304;418,07822981366473;;
E08;volume;3;65,0;55,0;8,581560484049351;14,962989619076552;True;332,52372670807466;582,8260981047936;418,07822981366485;167,58365105908555;
E08;volume;4;65,0;55,0;3,938989736748488;10,754051303387655;True;341,1838443935926;582,8260981047938;337,98139348510614;167,58365105908604;86,20332956834697
E09;area;2;65,0;55,0;0,24697078278543938;0,7491485036702503;True;13,640819875776403;15,725652173913042;3,9027453416149123;;
E09;area;3;65,0;55,0;0,17753933766560595;0,5448493245884629;True;13,640819875776403;16,383192865105904;3,9027453416149123;-1,0071192865105882;
E09;area;4;65,0;55,0;0,16211368578946728;0,5048897281208431;True;13,723038901601827;16,38319286510591;3,142307193569198;-1,0071192865105885;0,8184131021533995
E09;volume;2;65,0;55,0;11,886446879705218;27,349130434782715;False;400,04708074534176;796,3782608695652;438,2803105590062;;
E09;volume;3;65,0;55,0;1,545591295842603;3,351304347826181;True;400,04708074534176;751,2394927536232;438,2803105590062;69,13659420289859;
E09;volume;4;65,0;55,0;0,9364872256199477;2,767497719671411;True;398,6504347826085;751,2394927536233;451,1977935711637;69,13659420289923;-13,902297473058708
E10;area;2;65,0;55,0;1,3176620189487143;4,080172219085268;True;22,91691925465839;25,97141304347826;2,989232919254662;;
E10;area;3;65,0;55,0;1,3128247668974853;4,184576293271952;True;22,91691925465839;25,5393790412486;2,989232919254662;0,6617229654403685;
E10;area;4;65,0;55,0;1,188665723556731;3,4799846111173163;True;23,549945080091522;25,539379041248605;-2,8655796563594134;0,6617229654403867;6,30117693970156
E10;volume;2;65,0;55,0;9,32716705492184;18,125217391303977;False;600,8572670807455;1292,4956521739132;716,1218633540373;;
E10;volume;3;65,0;55,0;8,04886112075957;21,679804108934803;False;600,8572670807455;1274,4449888517279;716,1218633540375;27,647218506131665;
E10;volume;4;65,0;55,0;6,744340067041866;17,33547454833453;False;605,8471395881006;1274,4449888517279;669,9708737213709;27,647218506133374;49,66948947759586
E11;area;2;65,0;55,0;1,556304054063086;4,768284584980247;True;35,499664596273306;39,60217391304349;6,499291925465858;;
E11;area;3;65,0;55,0;1,4424205937116752;4,119231985405911;True;35,499664596273306;41,840375139353405;6,499291925465858;-3,428130992196216;
E11;area;4;65,0;55,0;1,3007580419076985;4,084570322126378;True;36,20775286041191;41,84037513935342;-0,04976801326062986;-3,4281309921961878;7,048352945490875
E11;volume;2;65,0;55,0;19,185274458434737;49,595217391304686;False;989,8505590062114;2030,352173913043;1107,5968322981364;;
E11;volume;3;65,0;55,0;10,615750490684167;24,892262085740526;True;989,8505590062114;1969,1461092530658;1107,5968322981366;93,7459977703461;
E11;volume;4;65,0;55,0;9,137484526031221;22,638793586276392;True;983,7125400457667;1969,1461092530658;1164,3669499696825;93,74599777034842;-61,09820796416666
E12;area;2;65,0;55,0;1,4492897187506513;4,594966120835693;True;48,10370186335405;48,343804347826094;4,266667701863364;;
E12;area;3;65,0;55,0;1,4312199071560388;4,444137601528915;True;48,10370186335405;49,21760423634336;4,266667701863364;-1,3383517279821706;
E12;area;4;65,0;55,0;1,4303120780301037;4,403314850671819;True;48,04580778032036;49,21760423634337;4,802126117271952;-1,3383517279821358;-0,5762811662656728
E12;volume;2;65,0;55,0;17,63415992049076;33,84918125352863;True;1409,4167701863357;2695,095652173913;1337,1832298136653;;
E12;volume;3;65,0;55,0;10,459523846897033;27,239847543761016;True;1409,4167701863357;2640,7199609810477;1337,1832298136653;83,28428651059146;
E12;volume;4;65,0;55,0;8,65982351860121;21,081625407392494;True;1402,7537757437074;2640,7199609810473;1398,8088098241683;83,28428651059475;-66,32384532261304
