t_h;Natural em Estrela;Afluente ao reservatório;Efluente (comportas);Resultante em Estrela
0;578,496875412793;486,413580246914;0;92,0832951658792
1;583,183245362718;490,353988713386;773,252419200871;866,081675850203
2;613,499419461842;515,84453051177;773,192877484418;870,847766434491
3;688,789492556093;579,150168912485;773,136419727943;882,77574337155
4;822,578849060334;691,643360599515;773,089251159039;904,024739619859
5;1023,57761357744;860,647780207152;773,060465911061;935,990299281347
6;1296,54837259346;1090,16792083186;773,061110878092;979,441562639687
7;1643,05410885456;1381,51797459073;773,103411990194;1034,63954625402
8;2062,10058458005;1733,86196331503;773,200140195749;1101,43876146077
9;2550,68587489897;2144,67579899983;773,364097448164;1179,3741733473
10;3104,26837256778;2610,14079301726;773,607705682766;1267,73528523329
11;3717,1633443735;3125,47708993092;773,942684116909;1365,62893855949
12;4382,87700524532;3685,22456475156;774,379802222318;1472,03224271608
13;5094,38607581848;4283,47788141587;774,928697431066;1585,83689183367
14;5844,36989197162;4914,08165586493;775,597748080599;1705,88598418729
15;6625,40133067176;5570,79099091958;776,393993317354;1831,00433306953
16;7430,102096221;6247,40204455568;777,323092700138;1960,02314436546
17;8251,26726646627;6937,85675124368;778,389319108414;2091,799834331
18;9081,96342223881;7636,32533145572;779,595579297759;2225,23367008085
19;9915,60416847022;8337,26979157019;780,943457081565;2359,2778339816
20;10746,0063959574;9035,4912300677;782,43327467634;2492,94844056601
21;11567,4302230758;9726,16342144939;784,064168245415;2625,33096987186
22;12374,6051918499;10404,8548424997;785,834174125952;2755,58452347613
23;13162,74496814;11067,5410325447;787,740322636881;2882,9442582321
24;13927,5525072;11710,6089367725;789,778736747798;3006,72230717527
25;14665,2173897817;12330,8546663678;791,837741455123;3126,20046486905
26;15372,4068069701;12925,4759183527;793,996088456378;3240,92697707375
27;16046,2514709992;13492,0601290744;972,684384922538;3526,87572684741
28;16684,327551699;14028,5692859504;1351,79916034698;4007,55742609567
29;17284,6355814888;14533,3221902987;1858,93100841527;4610,24439960545
30;17845,5771337606;15004,9748479817;2465,27735100363;5305,87963678255
31;18365,9299580731;15442,4995625012;3149,2985243753;6072,72891994716
32;18844,8221490164;15845,1632155812;3242,75720164609;6242,41613508137
33;19281,7058322876;16212,5051418098;3242,75720164609;6311,95789212388
34;19676,3307699788;16544,3149353547;3242,75720164609;6374,77303627018
35;20028,7182160283;16840,6104670197;3242,75720164609;6430,86495065463
36;20339,1352910273;17101,6163379889;3242,75720164609;6480,2761546845
37;20608,0700920817;17327,742951621;3242,75720164609;6523,08434210677
38;20836,2077072317;17519,5663458182;3242,75720164609;6559,39856305967
39;21024,4072642064;17677,8088950862;3242,75720164609;6589,35557076627
40;21173,6801092631;17803,3209627977;3242,75720164609;6613,11634811152
41;21285,1691828678;17897,0635597854;3242,75720164609;6630,86282472851
42;21360,129634397;17960,0920447348;3242,75720164609;6642,79479130829
43;21399,9106973536;17993,5408844454;3242,75720164609;6649,12701455431
44;21405,9388292993;17998,6094774949;3242,75720164609;6650,08655345046
45;21379,702106393;17976,5490328059;3242,75720164609;6645,91027523315
46;21322,7358506977;17928,650484752;3242,75720164609;6636,84256759179
47;21236,6094589504;17856,2334184823;3242,75720164609;6623,13324211413
48;21122,9143939664;17760,6359728163;3242,75720164609;6605,03562279621
49;20983,2532940177;17643,205683156;3242,75720164609;6582,80481250775
50;20819,2301511364;17505,2912231767;3242,75720164609;6556,69612960571
51;20632,4415061515;17348,2350014094;3242,75720164609;6526,96370638821
52;20424,4686061781;17173,3665670757;3242,75720164609;6493,85924074855
53;20196,8704690848;16981,9967785317;3242,75720164609;6457,63089219919
54;19951,1777990258;16775,4126873064;3242,75720164609;6418,52231336549
55;19688,8876973132;16554,8730908802;3242,75720164609;6376,77180807909
56;19411,4591136091;16321,604707942;3242,75720164609;6332,61160731317
57;19120,3089835537;16076,7989308174;3242,75720164609;6286,26725438241
58;18816,8090004168;15821,6091109982;3242,75720164609;6237,9570910646
59;18502,2829701016;15557,1483351691;3242,75720164609;6187,89183657866
60;18178,0047007861;15284,4876507678;3242,75720164609;6136,27425166439
61;17845,1963805874;15004,6547018892;3242,75720164609;6083,29888034427
62;17505,0273988544;14718,6327381999;3242,75720164609;6029,15186230057
63;17158,6135689761;14427,3599614578;3242,75720164609;5974,01080916445
64;16807,0167129163;14131,7291761789;3278,44537236166;5953,73290909899
65;16451,2445700149;13832,5877129562;4694,06139567532;7312,71825273404
66;16092,2509949173;13530,7375948821;5819,08765377389;8380,60105380913
67;15730,9364117719;13226,935919449;6705,07795902665;9209,07845134951
68;15368,1484940767;12921,8954301801;7394,26489311497;9840,51795701152
69;15004,6830417266;12616,2852540707;7921,28785320027;10309,6856408562
70;14641,2850289164;12310,7317826893;8314,59838960738;10645,1516358344
71;14278,649798579;12005,8196764897;8597,60225171795;10870,4323738073
72;13917,4243809768;11702,0929735118;8789,58708795535;11004,9184954203
73;13558,2089159128;11400,0562852114;8906,47594433884;11064,6285750402
74;13201,5581597904;11100,1760636295;8961,43936936892;11062,8214655299
75;12847,983060413;10802,8819255209;8965,39285886352;11010,4939937556
76;12497,9523839902;10508,5680203791;8927,40137367918;10916,7857372903
77;12151,8943802982;10217,5944305412;8855,00856527097;10789,308515028
78;11810,1984733314;9930,28859272682;8754,50499849617;10634,4148791008
79;11473,2169660814;9646,94673145655;8631,1469381932;10457,417172818
80;11141,2667492974;9367,83529581671;8489,33505546762;10262,7665089483
81;10814,6310052078;9093,19239198795;8332,76061843742;10054,1992316573
82;10493,5608982332;8823,22920483617;8164,52528305744;9834,85697645446
83;10178,2772456925;8558,13140268088;7987,23942856648;9607,38527157812
84;9868,97216239981;8298,06052011022;7803,10303647568;9374,01467876527
85;9565,8106738747;8043,15531440577;8170,60791725799;9693,26327672693
86;9268,93229364874;7793,53309177825;7918,34420309201;9393,7434049625
87;8978,45256084364;7549,29100019898;7671,41204598862;9100,57360663328
88;8694,46453483242;7310,50728614554;7429,89914317226;8813,85639185913
89;8417,04024437177;7077,24251306594;7193,87489960574;8533,67263091157
90;8146,23208911882;6849,54073980631;6963,39162643612;8260,08297574863
91;7882,07419191977;6627,43065764658;6738,48569872644;7993,12923299964
92;7624,58370068623;6410,92668494824;6519,17867129741;7732,8356870354
93;7373,76203905938;6200,03001874181;6305,47835184502;7479,2103721626
94;7129,5961054065;5994,72964287084;6097,37983080633;7232,24629334199
95;6892,05942000081;5795,00329256736;5894,8664677191;6991,92259515256
96;6661,11322050762;5600,81837556198;5697,91083406467;6758,20567901031
97;6436,7075061396;5412,1328500339;5506,47561279794;6531,05026890364
98;6218,78203105409;5228,89605988233;5320,51445495812;6310,40042612987
99;6007,26724774858;5051,04952795531;5139,97279391882;6096,19051371209
100;5802,08520136833;4878,52770800427;4964,78861797979;5888,34611134385
101;5603,15037597551;4711,25869624674;4794,89320212551;5686,78488185428
102;5410,37049394355;4549,16490351565;4630,2117998812;5491,41739030909
103;5223,64726973554;4392,16368905368;4470,66429628467;5302,14787696653
104;5042,87711940419;4240,16795707725;4316,16582306546;5118,8749853924
105;4867,95182721253;4093,08671728669;4166,62733718197;4941,49244710782
106;4698,75917082382;3950,82561054035;4021,95616391352;4769,88972419699
107;4535,18350654415;3813,28740094023;3882,05650574029;4603,95261134421
108;4377,10631612598;3680,37243559697;3746,8299182686;4443,56379879761
109;4224,40671665487;3551,9790733545;3616,17575447574;4288,60339777611
110;4076,96193504673;3428,00408375829;3489,9915785564;4138,94942984484
111;3934,64774868031;3308,34301754938;3368,17355065384;3994,47828178477
112;3797,33889367941;3192,89054995752;3250,61678375345;3855,06512747535
113;3664,90944234353;3081,54079805358;3137,21567400555;3720,5843182955
114;3537,23315120396;2974,18761340322;3027,8642057284;3590,90974352914
115;3414,18378115641;2870,7248512418;2922,45623232251;3465,91516223712
116;3295,6353910912;2771,04661736546;2820,88573430363;3345,47450802937
117;3181,46260640856;2675,047493905;2723,04705563523;3229,46216813879
118;3071,54086377058;2582,62274511899;2628,83511951199;3117,75323816358
119;2965,74663340269;2493,66850431001;2538,1456247145;3010,22375380718
120;2863,95762021735;2408,08194293411;2450,87522362206;2906,7509009053
121;2766,05294499098;2325,76142293858;2366,92168293635;2807,21320498874
122;2671,91330678222;2246,60663332697;2286,18402813278;2711,49070158802
123;2581,42112773618;2170,51871191388;2208,56267262043;2619,46508844273
124;2494,46068137551;2097,40035319504;2133,95953255446;2531,01986073493
125;2410,9182054348;2027,1559032211;2062,27812820807;2446,04043042177
126;2330,68200025101;1959,69144232661;1993,42367277386;2364,41423069826
127;2253,6425136787;1894,91485652866;1927,30314942764;2286,03080657768
128;2179,69241345554;1832,73589837353;1863,8253774511;2210,78189253311
129;2108,72664790093;1773,06623797346;1802,9010681735;2138,56147810096
130;2040,64249578844;1715,81950494059;1744,44287145702;2069,26586230488
131;1975,33960619176;1660,91132189028;1688,36541341544;2002,79369771691
132;1912,7200290634;1608,25933015253;1634,58532602141;1939,04602493228
133;1852,68823726666;1557,78320829681;1583,02126922467;1877,92629819452
134;1795,1511407427;1509,40468404417;1533,59394617049;1819,34040286902
135;1740,01809345809;1463,04754010887;1486,22611207652;1763,19666542574
136;1687,20089374211;1418,637614482;1440,84257729544;1709,40585655555
137;1636,61377858886;1376,1027956405;1397,37020506125;1657,88118800961
138;1588,17341246541;1335,37301313689;1355,73790438869;1608,53830371721
139;1541,79887113573;1296,380223998;1315,87661856744;1561,29526570517
140;1497,41162097894;1259,05839533527;1277,71930966664;1516,0725353103
141;1454,93549425083;1223,3434835441;1241,20093943968;1472,79295014642
142;1414,29666070971;1189,17341044614;1206,25844699512;1431,38169725869
143;1375,42359599984;1156,48803670543;1172,83072357579;1391,7662828702
144;1338,24704716067;1125,22913282772;1140,85858476658;1353,87649909953
145;1302,69999560464;1095,34034803134;1110,28474042953;1317,64438800283
146;1268,71761788337;1066,76717725853;1081,05376264493;1283,00420326977
147;1236,23724453943;1039,45692657704;1053,11205191778;1249,89236988017
148;1205,19831731969;1013,35867720412;1026,40780189058;1218,24744200615
149;1175,54234500611;988,423248368039;1000,89096278608;1188,01005942415
150;1147,21285810075;964,603159206175;976,513203787107;1159,12290268168
151;1120,15536258373;941,852589883638;953,227874544907;1131,530647245
152;1094,31729294561;920,127342101827;930,989965992732;1105,17991683652
153;1069,64796467983;899,384799152944;909,756070627385;1080,01923615427
154;1046,09852640532;879,583885663592;889,484342408268;1055,99898314999
155;1023,62191177526;860,685027158549;870,13445641107;1033,07134102778
156;1002,17279131446;842,650109564498;851,667568361524;1011,19025011149
157;981,707524315013;825,442438762807;834,046274163653;990,311359715859
158;962,184110908226;809,026700290478;817,234569526642;970,39198014439
159;943,562144419458;793,368919278997;801,197809784737;951,391034925198
160;925,802764102188;778,436420712041;785,902669995519;933,269013385666
161;908,868608337833;764,197790074804;771,317105393423;915,987923656452
162;892,72376837873;750,622834460018;757,410312267411;899,511246186123
163;877,333742703182;737,682544188625;744,152689324322;883,803887838878
164;862,665392043576;725,349054996372;731,515799592498;868,832136639703
165;848,68689514119;713,595610831426;719,472332913899;854,563617223663
166;835,367705274489;702,396527302362;707,996069066894;840,967247039021
167;822,678507601342;691,727155810508;697,061841556435;828,01319334727
168;810,591177349762;681,563848395748;686,645502103128;815,672831057142
169;799,07873888628;671,883923320269;676,723885858008;803,918701424019
170;788,115325686128;662,665631410555;667,274777365412;792,724471640984
171;777,676141224728;653,888123174052;658,276877292304;782,06489534298
172;767,737420805775;645,531416703327;649,709769938689;771,915774041137
173;758,276394337308;637,576366377335;641,553891540331;762,253919500304
174;749,271250063583;630,004632366331;633,790499371833;753,057117069085
175;740,701099257331;622,798650944305;626,401641655318;744,304089968344
176;732,545941873991;615,941605610262;619,370128277283;735,974464541012
177;724,786633166834;609,41739901745;612,679502313856;728,04873646324
178;717,404851259453;603,210625707553;606,314012362502;720,508237914402
179;710,383065669867;597,30654564503;600,258585676292;713,335105701129
180;703,704506778542;591,691058545119;594,498802095075;706,512250328498
181;697,353136230813;586,350678987509;589,020868766314;700,023326009618
182;691,313618262643;581,272512306372;583,811595646941;693,852701603212
183;685,571291937233;576,444231246262;578,858371776317;687,985432467289
184;680,112144278741;571,854053372321;574,149142309291;682,407233215712
185;674,922784288324;567,490719222369;569,672386297345;677,1044513633
186;669,99041782672;563,343471187595;565,417095204982;672,064041844107
187;665,302823346827;559,402033107945;561,37275214777;667,273542386652
188;660,848328458998;555,656590567682;557,529311837814;662,72104972913
189;656,615787311229;552,097771876121;553,877181221901;658,39519665701
190;652,59455876592;548,716629718147;550,407200797134;654,285129844908
191;648,774485354517;545,504623458785;547,110626588466;650,380488484198
192;645,145872991044;542,453602085877;543,979112772331;646,671383677498
193;641,699471425332;539,555787774693;541,004694930285;643,148378580925
194;638,426455416586;536,803760058236;538,179773916465;639,802469274814
195;635,318406607883;534,1904405869;535,497100322568;636,625066343551
196;632,36729608216;531,709078461138;532,949759524019;633,607977145041
197;629,565467580297;529,353236120837;530,531157290987;630,743388750447
198;626,905621361977;527,116775775159;528,235005947998;628,023851534816
199;624,380798690158;524,993846356721;526,05531106594;625,442263399377
200;621,984366920143;522,978870984143;523,986358670432;622,991854606432
201;619,710005174449;521,066534917141;522,022702950642;620,66617320795
202;617,551690584913;519,251773988578;520,159154452859;618,459071049195
203;615,503685083741;517,529763498064;518,390768743321;616,364690328998
204;613,560522725491;515,895907551991;516,712835525027;614,377450698527
205;611,716997522299;514,345828835109;515,12086819355;612,49203688074
206;609,968151774979;512,875358799041;513,610593817075;610,703386793013
207;608,30926488298;511,480528253438;512,17794352624;609,006680155782
208;606,735842616537;510,157558345753;510,819043299595;607,397327570379
209;605,243606834718;508,902851915941;509,530205130847;605,870960049625
210;603,828485633467;507,712985212697;508,307918564319;604,423418985089
211;602,486603908091;506,584699958187;507,148842585442;603,050746535346
212;601,214274315073;505,514895748524;506,049797853356;601,749176419905
213;600,007988618451;504,500622777601;505,007759263063;600,515125103913
214;598,864409406416;503,539074872221;504,019848824911;599,345183359106
215;597,780362164175;502,627582826773;503,083328849497;598,236108186899
216;596,75282768952;501,763608026067;502,19559542642;597,184815089873
217;595,778934837948;500,944736345262;501,354172185664;596,188370678351
218;594,855953584547;500,168672316139;500,5567043307;595,243985599108
219;593,981288390274;499,433233549318;499,800952932728;594,349007773685
220;593,152471860639;498,736345402325;499,084789475821;593,500915934136
221;592,367158685157;498,076035883749;498,406190643037;592,697313444445
222;591,623119846345;497,450430784031;497,76323333389;591,935922396204
223;590,918237087393;496,857749023751;497,154089903891;591,214577967533
224;590,250497627985;496,29629821057;496,57702361716;590,531223034575
225;589,617989118134;495,764470396299;496,030384303435;589,883903025269
226;589,018894820226;495,260738025847;495,512604211073;589,270761005452
227;588,451489009808;494,783650070097;495,022194047972;588,690032987683
228;587,914132585991;494,331828335034;494,557739202566;588,140043453522
229;587,405268882685;493,903963939732;494,117896137383;587,619201080336
230;586,923419672168;493,498813956062;493,701388947897;587,125994664003
231;586,467181352831;493,115198203261;493,307006079662;586,658989229232
232;586,035221313228;492,751996190741;492,933597197001;586,216822319489
233;585,626274464861;492,408144202771;492,580070196756;585,798200458846
234;585,239139936416;492,082632518919;492,245388360845;585,401895778341
235;584,872677922438;491,774502764344;491,928567641632;585,026742799726
236;584,525806679721;491,482845384287;491,628674074315;584,67163536975
237;584,197499664922;491,206797237311;491,344821310799;584,33552373841
238;583,886782807188;490,945539302071;491,076168269691;584,017411774808
239;583,592731909828;490,698294492568;490,821916897319;583,71635431458
240;583,314470175281;490,464325577091;490,581310034829;583,431454633019
241;583,051165847882;490,242933196202;490,353629386647;583,161862038327
242;582,802029969147;490,033453975321;490,138193585761;582,906769579587
243;582,566314240506;489,835258727668;489,934356351495;582,665411864332
244;582,343308988622;489,647750743455;489,741504735561;582,437062980729
245;582,132341228654;489,470364161428;489,559057452441;582,221034519668
246;581,932772820978;489,302562419002;489,386463290215;582,016673692191
247;581,743998717109;489,143836777389;489,223199598195;581,823361537915
248;581,56544529072;488,993704918279;489,068770847834;581,640511220275
249;581,396568749836;488,851709608775;488,922707263527;581,467566404588
250;581,236853626445;488,717417431428;488,784563520101;581,303999715119
251;581,085811339942;488,590417576339;488,653917503883;581,149311267486
252;580,942978830953;488,470320692457;488,530369134398;581,003027272895
253;580,807917262264;488,356757795279;488,413539243868;580,864698710853
254;580,680210783696;488,249379228339;488,303068511809;580,733900067166
255;580,559465357924;488,147853675922;488,198616452131;580,610228134133
256;580,445307644369;488,051867224615;488,099860450268;580,493300870023
257;580,337383938396;487,961122471364;488,006494847989;580,382756315022
258;580,235359163216;487,875337675838;487,918230073601;580,278251560979
259;580,138915911959;487,794245954987;487,834791815413;580,179461772385
260;580,047753537543;487,717594517774;487,755920236381;580,08607925615
261;579,961587288027;487,645143938168;487,681369227971;579,99781257783
262;579,880147485283;487,57666746455;487,610905701359;579,914385722092
263;579,80317874489;487,51195036378;487,544308914165;579,835537295275
264;579,73043923526;487,450789298252;487,481369831016;579,761019768024
265;579,661699974098;487,392991734347;487,4218905163;579,69059875605
266;579,59674416038;487,33837538074;487,365683557544;579,624052337184
267;579,535366540127;487,286767655127;487,312571517934;579,561170402934
268;579,477372804317;487,238005177979;487,262386416553;579,501754042891
269;579,422579017365;487,191933291994;487,214969234987;579,445614960357
270;579,370811074679;487,148405605996;487,170169448995;579,392574917678
271;579,321904187853;487,107283562074;487,127844584035;579,342465209814
272;579,27570239614;487,068436024817;487,087859793445;579,295126164769
273;579,232058102906;487,031738891553;487,050087458185;579,250406669537
274;579,190831635826;486,997074722556;487,014406807055;579,208163720324
275;579,151890829653;486,964332390224;486,98070355639;579,168261995819
276;579,115110630426;486,933406746286;486,948869568255;579,130573452395
277;579,080372720055;486,904198306151;486,918802526219;579,094976940123
278;579,047565160261;486,876612949519;486,890405627835;579,061357838577
279;579,016582054913;486,85056163647;486,863587292995;579,029607711438
280;578,987323229829;486,825960138228;486,838260887349;578,999623978949
281;578,959693929159;486,802728781881;486,814344460055;578,971309607332
282;578,933604527537;486,780792208342;486,791760495112;578,944572814306
283;578,908970257181;486,760079142897;486,770435675619;578,919326789904
284;578,885710949201;486,740522177683;486,75030066029;578,895489431808
285;578,863750788391;486,722057565519;486,731289871601;578,872983094473
286;578,843018080821;486,704625024488;486,713341295004;578,851734351337
287;578,823445033579;486,688167552736;486,696396288612;578,831673769454
288;578,80496754604;486,672631252974;486,680399402855;578,812735695921
289;578,787525012087;486,657965166174;486,665298209574;578,794858055487
290;578,771060132702;486,644121113992;486,651043140083;578,777982158792
291;578,755518738421;486,631053549489;486,637587331741;578,762052520672
292;578,740849621127;486,618719415694;486,624886482591;578,747016688025
293;578,727004374717;486,607078011631;486,612898713662;578,732825076749
294;578,713937244169;486,596090865418;486,601584438524;578,719430817275
295;578,701604982596;486,585721614072;486,590906239745;578,706789608269
296;578,68996671586;486,575935889669;486,58082875187;578,694859578062
297;578,678983814358;486,566701211543;486,571318550606;578,683601153421
298;578,668619771614;486,557986884204;486,562344047874;578,672976935284
299;578,65884008932;486,549763900675;486,55387539244;578,662951581085
300;578,649612168487;486,54200485097;486,545884375822;578,65349169334
301;578,640905206397;486,534683835449;486,53834434321;578,644565714157
302;578,632690099047;486,527776382794;486,531230109122;578,636143825375
303;578,624939348802;486,521259372355;486,524517877575;578,628197854022
304;578,61762697698;486,515110960653;486,518185166504;578,620701182831
305;578,610728441115;486,509310511815;486,512210736234;578,613628665533
306;578,604220556656;486,503838531734;486,506574521775;578,606956546697
307;578,598081422862;486,498676605757;486,501257568746;578,60066238585
308;578,59229035267;486,493807339725;486,496241972741;578,594724985686
309;578,586827806345;486,489214304174;486,491510821949;578,589124324121
310;578,581675328688;486,484881981544;486,487048142859;578,583841490003
311;578,576815489632;486,480795716233;486,482838848889;578,578858622288
312;578,572231828042;486,476941667336;486,478868691784;578,574158852491
313;578,567908798545;486,473306763943;486,475124215639;578,569726250241
314;578,563831721236;486,46987866285;486,471592713397;578,565545771782
315;578,559986734106;486,466645708558;486,468262185704;578,561603211251
316;578,556360748039;486,463596895437;486,465121301998;578,5578851546
317;578,55294140426;486,460721831939;486,462159363688;578,554378936008
318;578,549717034078;486,458010706762;486,459366269351;578,551072596667
319;578,54667662083;486,455454256838;486,4567324818;578,547954845793
320;578,543809763881;486,453043737072;486,454248996955;578,545015023764
321;578,541106644592;486,450770891725;486,451907314399;578,542243067265
322;578,538557994138;486,448627927356;486,449699409541;578,539629476323
323;578,536155063082;486,446607487233;486,447617707294;578,537165283144
324;578,53388959261;486,444702627155;486,445655057194;578,534842022649
325;578,531753787336;486,44290679258;486,443804709867;578,532651704623
326;578,529740289594;486,441213797013;486,442060294797;578,530586787377
327;578,527842155139;486,439617801572;486,440415799293;578,52864015286
328;578,52605283018;486,438113295677;486,438865548624;578,526805083128
329;578,524366129667;486,436695078793;486,437404187235;578,525075238108
330;578,522776216773;486,435358243185;486,436026660989;578,523444634578
331;578,521277583509;486,434098157603;486,434728200394;578,521907626299
332;578,519865032388;486,432910451883;486,433504304743;578,520458885248
333;578,518533659122;486,431791002384;486,432350727134;578,519093383871
334;578,517278836246;486,430735918228;486,431263460306;578,517806378324
335;578,516096197667;486,429741528302;486,430238723265;578,51659339263
336;578,514981624051;486,428804368974;486,429272948638;578,515450203715
337;578,513931229023;486,42792117249;486,428362770732;578,514372827265
338;578,512941346127;486,427088856009;486,42750501425;578,513357504367
339;578,512008516509;486,426304511247;486,426696683628;578,51240068889
340;578,511129477283;486,425565394693;486,42593495297;578,51149903556
341;578,510301150536;486,424868918367;486,42521715653;578,510649388699
342;578,50952063295;486,424212641091;486,424540779729;578,509848771588
343;578,508785185992;486,423594260243;486,423903450667;578,509094376415
344;578,508092226655;486,423011603973;486,423302932108;578,50838355479
345;578,507439318713;486,422462623843;486,422737113908;578,507713808778
346;578,506824164454;486,421945387886;486,422204005864;578,507082782433
347;578,506244596888;486,421458074044;486,421701730965;578,506488253809
348;578,505698572375;486,420998963978;486,421228519011;578,505928127408
349;578,505184163669;486,420566437216;486,420782700597;578,50540042705
350;578,504699553355;486,420158965632;486,420362701424;578,504903289146
351;578,504243027644;486,419775108234;486,419967036933;578,504434956343
352;578,503812970521;486,419413506238;486,419594307236;578,503993771519
353;578,503407858215;486,419072878422;486,41924319233;578,503578172123
354;578,503026253984;486,418752016741;486,418912447582;578,503186684825
355;578,502666803187;486,41844978218;486,418600899461;578,502817920468
356;578,502328228635;486,41816510085;486,418307441515;578,5024705693
357;578,5020093262;486,417896960291;486,41803103057;578,502143396479
358;578,501708960674;486,417644405996;486,417770683143;578,501835237822
359;578,501426061859;486,417406538115;486,417525472055;578,501544995799
360;578,501159620873;486,41718250836;486,417294523237;578,501271635751
361;578,500908686671;486,416971517067;486,417077012713;578,501014182318
362;578,500672362755;486,416772810441;486,416872163754;578,500771716068
363;578,50044980407;486,416585677941;486,416679244191;578,50054337032
364;578,500240214082;486,416409449821;486,416497563881;578,500328328142
365;578,50004284201;486,416243494808;486,416326472315;578,500125819516
366;578,499856980222;486,41608721791;486,416165356359;578,499935118671
367;578,499681961776;486,415940058344;486,416013638127;578,499755541559
368;578,499517158096;486,41580148759;486,415870772967;578,499586443472
369;578,499361976787;486,415671007549;486,415736247569;578,499427216807
370;578,499215859565;486,415548148803;486,415609578176;578,499277288938
371;578,499078280313;486,415432468979;486,415490308891;578,499136120225
372;578,498948743236;486,415323551202;486,415378010091;578,499003202124
373;578,498826781134;486,41522100264;486,415272276921;578,498878055415
374;578,498711953758;486,415124453122;486,415172727881;578,498760228518
375;578,498603846276;486,415033553845;486,415079003483;578,498649295915
376;578,498502067809;486,414947976151;486,414990764998;578,498544856656
377;578,498406250062;486,414867410369;486,41490769326;578,498446532954
378;578,498316046029;486,414791564728;486,414829487548;578,49835396885
379;578,498231128772;486,414720164329;486,414755864528;578,498266828971
380;578,498151190265;486,41465295018;486,414686557254;578,498184797339
381;578,498075940314;486,414589678277;486,414621314229;578,498107576265
382;578,498005105529;486,414530118749;486,414559898513;578,498034885294
383;578,497938428358;486,414474055038;486,414502086893;578,497966460214
384;578,497875666177;486,414421283141;486,414447669089;578,497902052125
385;578,497816590429;486,414371610883;486,414396447012;578,497841426558
386;578,497760985817;486,414324857237;486,41434823406;578,49778436264
387;578,497708649539;486,414280851681;486,414302854459;578,497730652317
388;578,497659390566;486,414239433595;486,414260142638;578,497680099609
389;578,497613028968;486,414200451689;486,414219942642;578,497632519921
390;578,497569395267;486,414163763462;486,414182107575;578,49758773938
391;578,497528329841;486,4141292347;486,414146499081;578,497545594222
392;578,497489682349;486,414096738993;486,414112986846;578,497505930202
393;578,497453311198;486,414066157286;486,414081448139;578,497468602051
394;578,497419083037;486,414037377456;486,414051767371;578,497433472953
395;578,497386872281;486,414010293905;486,41402383568;578,497400414057
396;578,49735656066;486,413984807192;486,413997550549;578,497369304017
397;578,497328036797;486,413960823666;486,413972815429;578,49734002856
398;578,497301195807;486,41393825514;486,413949539403;578,49731248007
399;578,497275938926;486,413917018569;486,413927636854;578,497286557211
400;578,497252173149;486,413897035753;486,413907027161;578,497262164557
401;578,497229810902;486,413878233058;486,413887634405;578,49723921225
402;578,497208769726;486,413860541149;486,413869387104;578,497217615681
403;578,497188971977;486,413843894743;486,413852217946;578,49719729518
404;578,497170344549;486,41382823237;486,413836063556;578,497178175736
405;578,497152818611;486,413813496155;486,413820864262;578,497160186719
406;578,497136329357;486,413799631608;486,413806563881;578,49714326163
407;578,497120815773;486,413786587427;486,413793109517;578,497127337863
408;578,497106220416;486,413774315312;486,413780451369;578,497112356473
409;578,497092489206;486,413762769793;486,413768542553;578,497098261966
410;578,497079571232;486,413751908061;486,413757338927;578,497085002098
411;578,497067418566;486,413741689818;486,413746798939;578,497072527688
412;578,497055986088;486,413732077125;486,413736883472;578,497060792434
413;578,497045231326;486,413723034272;486,413727555699;578,497049752753
414;578,497035114297;486,41371452764;486,413718780956;578,497039367613
415;578,497025597367;486,413706525585;486,413710526612;578,497029598395
416;578,49701664511;486,413698998319;486,413702761952;578,497020408743
417;578,49700822418;486,413691917806;486,413695458063;578,497011764436
418;578,49700030319;486,413685257654;486,41368858773;578,497003633266
419;578,496992852599;486,413678993024;486,413682125339;578,496995984914
420;578,4969858446;486,413673100537;486,413676046781;578,496988790844
421;578,496979253025;486,413667558188;486,413670329362;578,4969820242
422;578,496973053243;486,413662345267;486,413664951727;578,496975659703
423;578,496967222071;486,413657442283;486,413659893775;578,496969673563
424;578,496961737695;486,413652830892;486,413655136588;578,496964043391
425;578,496956579583;486,413648493832;486,413650662362;578,496958748113
426;578,496951728412;486,413644414855;486,413646454343;578,496953767901
427;578,496947166;486,413640578673;486,413642496764;578,496949084091
428;578,496942875234;486,413636970898;486,413638774785;578,496944679121
429;578,496938840013;486,41363357799;486,413635274444;578,496940536466
430;578,496935045183;486,41363038721;486,4136319826;578,496936640574
431;578,496931476488;486,413627386568;486,413628886889;578,496932976809
432;578,496928120509;486,413624564783;486,413625975676;578,496929531402
433;578,496924964624;486,413621911241;486,413623238012;578,496926291395
434;578,496921996952;486,413619415954;486,413620663598;578,496923244595
435;578,496919206317;486,413617069524;486,413618242739;578,496920379532
436;578,496916582203;486,413614863108;486,413615966316;578,496917685411
