cenario;alternativa;tempo_h;pico_m3s
HEC-00;Situação atual — sem novos eixos;0,0;926,0000000000001
HEC-00;Situação atual — sem novos eixos;1,0;938,4565215092417
HEC-00;Situação atual — sem novos eixos;2,0;1012,056223050765
HEC-00;Situação atual — sem novos eixos;3,0;1177,2360888900648
HEC-00;Situação atual — sem novos eixos;4,0;1442,0677375677512
HEC-00;Situação atual — sem novos eixos;5,0;1801,145946785681
HEC-00;Situação atual — sem novos eixos;6,0;2241,697671205709
HEC-00;Situação atual — sem novos eixos;7,0;2747,666534821398
HEC-00;Situação atual — sem novos eixos;8,0;3302,3412852887445
HEC-00;Situação atual — sem novos eixos;9,0;3889,9532197444337
HEC-00;Situação atual — sem novos eixos;10,0;4496,557707984539
HEC-00;Situação atual — sem novos eixos;11,0;5110,431209470429
HEC-00;Situação atual — sem novos eixos;12,0;5722,151744005153
HEC-00;Situação atual — sem novos eixos;13,0;6324,483025425315
HEC-00;Situação atual — sem novos eixos;14,0;6912,146792312857
HEC-00;Situação atual — sem novos eixos;15,0;7481,5414471248805
HEC-00;Situação atual — sem novos eixos;16,0;8030,4457460386675
HEC-00;Situação atual — sem novos eixos;17,0;8557,732258401551
HEC-00;Situação atual — sem novos eixos;18,0;9063,105315721174
HEC-00;Situação atual — sem novos eixos;19,0;9546,871177694253
HEC-00;Situação atual — sem novos eixos;20,0;10009,743376214663
HEC-00;Situação atual — sem novos eixos;21,0;10452,683062074097
HEC-00;Situação atual — sem novos eixos;22,0;10876,772221494923
HEC-00;Situação atual — sem novos eixos;23,0;11283,116510462665
HEC-00;Situação atual — sem novos eixos;24,0;11672,77391973644
HEC-00;Situação atual — sem novos eixos;25,0;12046,705344064154
HEC-00;Situação atual — sem novos eixos;26,0;12405,74324755358
HEC-00;Situação atual — sem novos eixos;27,0;12750,574893643303
HEC-00;Situação atual — sem novos eixos;28,0;13081,736971818516
HEC-00;Situação atual — sem novos eixos;29,0;13399,618854850776
HEC-00;Situação atual — sem novos eixos;30,0;13704,472126633622
HEC-00;Situação atual — sem novos eixos;31,0;13996,424410095107
HEC-00;Situação atual — sem novos eixos;32,0;14275,495884135891
HEC-00;Situação atual — sem novos eixos;33,0;14541,617201044006
HEC-00;Situação atual — sem novos eixos;34,0;14794,647798546703
HEC-00;Situação atual — sem novos eixos;35,0;15034,39384358054
HEC-00;Situação atual — sem novos eixos;36,0;15260,625249827493
HEC-00;Situação atual — sem novos eixos;37,0;15473,091381016548
HEC-00;Situação atual — sem novos eixos;38,0;15671,535190453162
HEC-00;Situação atual — sem novos eixos;39,0;15855,705657966473
HEC-00;Situação atual — sem novos eixos;40,0;16025,368472192416
HEC-00;Situação atual — sem novos eixos;41,0;16180,3149724018
HEC-00;Situação atual — sem novos eixos;42,0;16320,369413227532
HEC-00;Situação atual — sem novos eixos;43,0;16445,39465061484
HEC-00;Situação atual — sem novos eixos;44,0;16555,296370742297
HEC-00;Situação atual — sem novos eixos;45,0;16650,02599783001
HEC-00;Situação atual — sem novos eixos;46,0;16729,58242363033
HEC-00;Situação atual — sem novos eixos;47,0;16794,01270265129
HEC-00;Situação atual — sem novos eixos;48,0;16843,411854187045
HEC-00;Situação atual — sem novos eixos;49,0;16877,921906172865
HEC-00;Situação atual — sem novos eixos;50,0;16897,73030768338
HEC-00;Situação atual — sem novos eixos;51,0;16903,067827306313
HEC-00;Situação atual — sem novos eixos;52,0;16894,20604424742
HEC-00;Situação atual — sem novos eixos;53,0;16871,454528321265
HEC-00;Situação atual — sem novos eixos;54,0;16835,157794311664
HEC-00;Situação atual — sem novos eixos;55,0;16785,692105808543
HEC-00;Situação atual — sem novos eixos;56,0;16723,462193733125
HEC-00;Situação atual — sem novos eixos;57,0;16648,89794547999
HEC-00;Situação atual — sem novos eixos;58,0;16562,451112012874
HEC-00;Situação atual — sem novos eixos;59,0;16464,592072394396
HEC-00;Situação atual — sem novos eixos;60,0;16355,80668812205
HEC-00;Situação atual — sem novos eixos;61,0;16236,593273276374
HEC-00;Situação atual — sem novos eixos;62,0;16107,45970083787
HEC-00;Situação atual — sem novos eixos;63,0;15968,920660561847
HEC-00;Situação atual — sem novos eixos;64,0;15821,495079472445
HEC-00;Situação atual — sem novos eixos;65,0;15665,70371230051
HEC-00;Situação atual — sem novos eixos;66,0;15502,066905996
HEC-00;Situação atual — sem novos eixos;67,0;15331,102539742897
HEC-00;Situação atual — sem novos eixos;68,0;15153,324139644898
HEC-00;Situação atual — sem novos eixos;69,0;14969,239165385008
HEC-00;Situação atual — sem novos eixos;70,0;14779,347464647082
HEC-00;Situação atual — sem novos eixos;71,0;14584,1398898794
HEC-00;Situação atual — sem novos eixos;72,0;14384,097071041346
HEC-00;Situação atual — sem novos eixos;73,0;14179,688337267484
HEC-00;Situação atual — sem novos eixos;74,0;13971,370779876886
HEC-00;Situação atual — sem novos eixos;75,0;13759,588448819439
HEC-00;Situação atual — sem novos eixos;76,0;13544,771674459791
HEC-00;Situação atual — sem novos eixos;77,0;13327,336506528947
HEC-00;Situação atual — sem novos eixos;78,0;13107,684262103776
HEC-00;Situação atual — sem novos eixos;79,0;12886,201174586733
HEC-00;Situação atual — sem novos eixos;80,0;12663,2581358371
HEC-00;Situação atual — sem novos eixos;81,0;12439,210523836062
HEC-00;Situação atual — sem novos eixos;82,0;12214,398108540352
HEC-00;Situação atual — sem novos eixos;83,0;11989,145028881581
HEC-00;Situação atual — sem novos eixos;84,0;11763,759834193257
HEC-00;Situação atual — sem novos eixos;85,0;11538,535583686418
HEC-00;Situação atual — sem novos eixos;86,0;11313,749997942656
HEC-00;Situação atual — sem novos eixos;87,0;11089,665656743995
HEC-00;Situação atual — sem novos eixos;88,0;10866,530237909155
HEC-00;Situação atual — sem novos eixos;89,0;10644,576792151267
HEC-00;Situação atual — sem novos eixos;90,0;10424,0240493107
HEC-00;Situação atual — sem novos eixos;91,0;10205,076751645522
HEC-00;Situação atual — sem novos eixos;92,0;9987,926010180601
HEC-00;Situação atual — sem novos eixos;93,0;9772,749680422005
HEC-00;Situação atual — sem novos eixos;94,0;9559,71275403619
HEC-00;Situação atual — sem novos eixos;95,0;9348,967763372382
HEC-00;Situação atual — sem novos eixos;96,0;9140,65519597157
HEC-00;Situação atual — sem novos eixos;97,0;8934,903916455885
HEC-00;Situação atual — sem novos eixos;98,0;8731,831593428848
HEC-00;Situação atual — sem novos eixos;99,0;8531,545129238979
HEC-00;Situação atual — sem novos eixos;100,0;8334,141090668087
HEC-00;Situação atual — sem novos eixos;101,0;8139,706138800451
HEC-00;Situação atual — sem novos eixos;102,0;7948,317456511408
HEC-00;Situação atual — sem novos eixos;103,0;7760,043172183291
HEC-00;Situação atual — sem novos eixos;104,0;7574,94277841442
HEC-00;Situação atual — sem novos eixos;105,0;7393,067544632825
HEC-00;Situação atual — sem novos eixos;106,0;7214,460922661695
HEC-00;Situação atual — sem novos eixos;107,0;7039,158944408255
HEC-00;Situação atual — sem novos eixos;108,0;6867,190610962912
HEC-00;Situação atual — sem novos eixos;109,0;6698,57827250116
HEC-00;Situação atual — sem novos eixos;110,0;6533,337998477819
HEC-00;Situação atual — sem novos eixos;111,0;6371,479937691977
HEC-00;Situação atual — sem novos eixos;112,0;6213,008667882097
HEC-00;Situação atual — sem novos eixos;113,0;6057,923534584782
HEC-00;Situação atual — sem novos eixos;114,0;5906,2189790577295
HEC-00;Situação atual — sem novos eixos;115,0;5757,884855128424
HEC-00;Situação atual — sem novos eixos;116,0;5612,906734885081
HEC-00;Situação atual — sem novos eixos;117,0;5471,266203176057
HEC-00;Situação atual — sem novos eixos;118,0;5332,941140928363
HEC-00;Situação atual — sem novos eixos;119,0;5197,905997335898
HEC-00;Situação atual — sem novos eixos;120,0;5066,1320510034075
HEC-00;Situação atual — sem novos eixos;121,0;4937,587660163789
HEC-00;Situação atual — sem novos eixos;122,0;4812,238502114058
HEC-00;Situação atual — sem novos eixos;123,0;4690,047802039716
HEC-00;Situação atual — sem novos eixos;124,0;4570,976551418413
HEC-00;Situação atual — sem novos eixos;125,0;4454,983716212249
HEC-00;Situação atual — sem novos eixos;126,0;4342,026435073563
HEC-00;Situação atual — sem novos eixos;127,0;4232,060207802491
HEC-00;Situação atual — sem novos eixos;128,0;4125,039074305379
HEC-00;Situação atual — sem novos eixos;129,0;4020,915784312347
HEC-00;Situação atual — sem novos eixos;130,0;3919,641958119276
HEC-00;Situação atual — sem novos eixos;131,0;3821,168238625029
HEC-00;Situação atual — sem novos eixos;132,0;3725,444434938617
HEC-00;Situação atual — sem novos eixos;133,0;3632,4196578336364
HEC-00;Situação atual — sem novos eixos;134,0;3542,0424473285398
HEC-00;Situação atual — sem novos eixos;135,0;3454,2608926715975
HEC-00;Situação atual — sem novos eixos;136,0;3369,022745008483
HEC-00;Situação atual — sem novos eixos;137,0;3286,2755230088665
HEC-00;Situação atual — sem novos eixos;138,0;3205,966611725752
HEC-00;Situação atual — sem novos eixos;139,0;3128,0433549582262
HEC-00;Situação atual — sem novos eixos;140,0;3052,453141384375
HEC-00;Situação atual — sem novos eixos;141,0;2979,1434847268156
HEC-00;Situação atual — sem novos eixos;142,0;2908,062098208434
HEC-00;Situação atual — sem novos eixos;143,0;2839,1569635507126
HEC-00;Situação atual — sem novos eixos;144,0;2772,3763947613643
HEC-00;Situação atual — sem novos eixos;145,0;2707,669096952242
HEC-00;Situação atual — sem novos eixos;146,0;2644,9842204222523
HEC-00;Situação atual — sem novos eixos;147,0;2584,2714102337795
HEC-00;Situação atual — sem novos eixos;148,0;2525,48085150459
HEC-00;Situação atual — sem novos eixos;149,0;2468,5633106306764
HEC-00;Situação atual — sem novos eixos;150,0;2413,470172648782
HEC-00;Situação atual — sem novos eixos;151,0;2360,153474940678
HEC-00;Situação atual — sem novos eixos;152,0;2308,565937474492
HEC-00;Situação atual — sem novos eixos;153,0;2258,6609897716944
HEC-00;Situação atual — sem novos eixos;154,0;2210,3927947816223
HEC-00;Situação atual — sem novos eixos;155,0;2163,7162698387706
HEC-00;Situação atual — sem novos eixos;156,0;2118,587104871487
HEC-00;Situação atual — sem novos eixos;157,0;2074,961778024185
HEC-00;Situação atual — sem novos eixos;158,0;2032,7975688487822
HEC-00;Situação atual — sem novos eixos;159,0;1992,0525692147503
HEC-00;Situação atual — sem novos eixos;160,0;1952,6856920809507
HEC-00;Situação atual — sem novos eixos;161,0;1914,6566782663915
HEC-00;Situação atual — sem novos eixos;162,0;1877,9261013510727
HEC-00;Situação atual — sem novos eixos;163,0;1842,4553708322987
HEC-00;Situação atual — sem novos eixos;164,0;1808,2067336561813
HEC-00;Situação atual — sem novos eixos;165,0;1775,1432742385646
HEC-00;Situação atual — sem novos eixos;166,0;1743,2289130842375
HEC-00;Situação atual — sem novos eixos;167,0;1712,4284041081098
HEC-00;Situação atual — sem novos eixos;168,0;1682,707330756994
HEC-00;Situação atual — sem novos eixos;169,0;1654,0321010257574
HEC-00;Situação atual — sem novos eixos;170,0;1626,3699414568819
HEC-00;Situação atual — sem novos eixos;171,0;1599,6888902079136
HEC-00;Situação atual — sem novos eixos;172,0;1573,9577892668806
HEC-00;Situação atual — sem novos eixos;173,0;1549,1462758915138
HEC-00;Situação atual — sem novos eixos;174,0;1525,2247733440083
HEC-00;Situação atual — sem novos eixos;175,0;1502,1644809891359
HEC-00;Situação atual — sem novos eixos;176,0;1479,9373638197221
HEC-00;Situação atual — sem novos eixos;177,0;1458,5161414698798
HEC-00;Situação atual — sem novos eixos;178,0;1437,8742767728909
HEC-00;Situação atual — sem novos eixos;179,0;1417,9859639172798
HEC-00;Situação atual — sem novos eixos;180,0;1398,8261162514198
HEC-00;Situação atual — sem novos eixos;181,0;1380,3703537839483
HEC-00;Situação atual — sem novos eixos;182,0;1362,5949904243255
HEC-00;Situação atual — sem novos eixos;183,0;1345,4770210050553
HEC-00;Situação atual — sem novos eixos;184,0;1328,9941081244306
HEC-00;Situação atual — sem novos eixos;185,0;1313,1245688460876
HEC-00;Situação atual — sem novos eixos;186,0;1297,8473612892292
HEC-00;Situação atual — sem novos eixos;187,0;1283,1420711410453
HEC-00;Situação atual — sem novos eixos;188,0;1268,9888981206593
HEC-00;Situação atual — sem novos eixos;189,0;1255,3686424218195
HEC-00;Situação atual — sem novos eixos;190,0;1242,262691159561
HEC-00;Situação atual — sem novos eixos;191,0;1229,653004844165
HEC-00;Situação atual — sem novos eixos;192,0;1217,5221039039463
HEC-00;Situação atual — sem novos eixos;193,0;1205,853055276694
HEC-00;Situação atual — sem novos eixos;194,0;1194,6294590879713
HEC-00;Situação atual — sem novos eixos;195,0;1183,8354354329538
HEC-00;Situação atual — sem novos eixos;196,0;1173,4556112770479
HEC-00;Situação atual — sem novos eixos;197,0;1163,4751074891526
HEC-00;Situação atual — sem novos eixos;198,0;1153,8795260201505
HEC-00;Situação atual — sem novos eixos;199,0;1144,6549372379898
HEC-00;Situação atual — sem novos eixos;200,0;1135,7878674295885
HEC-00;Situação atual — sem novos eixos;201,0;1127,2652864786976
HEC-00;Situação atual — sem novos eixos;202,0;1119,0745957278598
HEC-00;Situação atual — sem novos eixos;203,0;1111,2036160316482
HEC-00;Situação atual — sem novos eixos;204,0;1103,6405760074695
HEC-00;Situação atual — sem novos eixos;205,0;1096,3741004893898
HEC-00;Situação atual — sem novos eixos;206,0;1089,3931991896536
HEC-00;Situação atual — sem novos eixos;207,0;1082,6872555718319
HEC-00;Situação atual — sem novos eixos;208,0;1076,2460159388643
HEC-00;Situação atual — sem novos eixos;209,0;1070,0595787386048
HEC-00;Situação atual — sem novos eixos;210,0;1064,118384088908
HEC-00;Situação atual — sem novos eixos;211,0;1058,413203523722
HEC-00;Situação atual — sem novos eixos;212,0;1052,9351299611606
HEC-00;Situação atual — sem novos eixos;213,0;1047,6755678940372
HEC-00;Situação atual — sem novos eixos;214,0;1042,6262238029155
HEC-00;Situação atual — sem novos eixos;215,0;1037,7790967913231
HEC-00;Situação atual — sem novos eixos;216,0;1033,1264694423976
HEC-00;Situação atual — sem novos eixos;217,0;1028,660898895898
HEC-00;Situação atual — sem novos eixos;218,0;1024,3752081441992
HEC-00;Situação atual — sem novos eixos;219,0;1020,2624775455917
HEC-00;Situação atual — sem novos eixos;220,0;1016,3160365529573
HEC-00;Situação atual — sem novos eixos;221,0;1012,5294556556485
HEC-00;Situação atual — sem novos eixos;222,0;1008,8965385321804
HEC-00;Situação atual — sem novos eixos;223,0;1005,411314411157
HEC-00;Situação atual — sem novos eixos;224,0;1002,068030637671
HEC-00;Situação atual — sem novos eixos;225,0;998,8611454422661
HEC-00;Situação atual — sem novos eixos;226,0;995,7853209094119
HEC-00;Situação atual — sem novos eixos;227,0;992,8354161423155
HEC-00;Situação atual — sem novos eixos;228,0;990,0064806207914
HEC-00;Situação atual — sem novos eixos;229,0;987,2937477488194
HEC-00;Situação atual — sem novos eixos;230,0;984,6926285883382
HEC-00;Situação atual — sem novos eixos;231,0;982,1987057757575
HEC-00;Situação atual — sem novos eixos;232,0;979,8077276176234
HEC-00;Situação atual — sem novos eixos;233,0;977,515602361815
HEC-00;Situação atual — sem novos eixos;234,0;975,3183926406294
HEC-00;Situação atual — sem novos eixos;235,0;973,2123100820846
HEC-00;Situação atual — sem novos eixos;236,0;971,1937100857467
HEC-00;Situação atual — sem novos eixos;237,0;969,2590867593967
HEC-00;Situação atual — sem novos eixos;238,0;967,4050680128321
HEC-00;Situação atual — sem novos eixos;239,0;965,6284108051261
HEC-00;Situação atual — sem novos eixos;240,0;963,9259965416629
HEC-00;Situação atual — sem novos eixos;241,0;962,2948266172988
HEC-00;Situação atual — sem novos eixos;242,0;960,7320181020162
HEC-00;Situação atual — sem novos eixos;243,0;959,2347995654678
HEC-00;Situação atual — sem novos eixos;244,0;957,8005070368481
HEC-00;Situação atual — sem novos eixos;245,0;956,4265800965537
HEC-00;Situação atual — sem novos eixos;246,0;955,1105580961498
HEC-00;Situação atual — sem novos eixos;247,0;953,8500765031929
HEC-00;Situação atual — sem novos eixos;248,0;952,6428633675131
HEC-00;Situação atual — sem novos eixos;249,0;951,4867359056051
HEC-00;Situação atual — sem novos eixos;250,0;950,3795971998344
HEC-00;Situação atual — sem novos eixos;251,0;949,3194330092128
HEC-00;Situação atual — sem novos eixos;252,0;948,3043086885554
HEC-00;Situação atual — sem novos eixos;253,0;947,3323662128911
HEC-00;Situação atual — sem novos eixos;254,0;946,4018213040516
HEC-00;Situação atual — sem novos eixos;255,0;945,5109606564289
HEC-00;Situação atual — sem novos eixos;256,0;944,6581392589446
HEC-00;Situação atual — sem novos eixos;257,0;943,8417778103457
HEC-00;Situação atual — sem novos eixos;258,0;943,0603602249888
HEC-00;Situação atual — sem novos eixos;259,0;942,3124312263501
HEC-00;Situação atual — sem novos eixos;260,0;941,5965940255518
HEC-00;Situação atual — sem novos eixos;261,0;940,9115080822601
HEC-00;Situação atual — sem novos eixos;262,0;940,255886945372
HEC-00;Situação atual — sem novos eixos;263,0;939,6284961709716
HEC-00;Situação atual — sem novos eixos;264,0;939,0281513150908
HEC-00;Situação atual — sem novos eixos;265,0;938,4537159988835
HEC-00;Situação atual — sem novos eixos;266,0;937,9041000438687
HEC-00;Situação atual — sem novos eixos;267,0;937,3782576749668
HEC-00;Situação atual — sem novos eixos;268,0;936,875185789112
HEC-00;Situação atual — sem novos eixos;269,0;936,3939222872784
HEC-00;Situação atual — sem novos eixos;270,0;935,9335444678205
HEC-00;Situação atual — sem novos eixos;271,0;935,4931674790826
HEC-00;Situação atual — sem novos eixos;272,0;935,0719428292892
HEC-00;Situação atual — sem novos eixos;273,0;934,6690569517858
HEC-00;Situação atual — sem novos eixos;274,0;934,2837298237495
HEC-00;Situação atual — sem novos eixos;275,0;933,9152136365492
HEC-00;Situação atual — sem novos eixos;276,0;933,5627915159829
HEC-00;Situação atual — sem novos eixos;277,0;933,2257762906718
HEC-00;Situação atual — sem novos eixos;278,0;932,903509306946
HEC-00;Situação atual — sem novos eixos;279,0;932,5953592886008
HEC-00;Situação atual — sem novos eixos;280,0;932,3007212399557
HEC-00;Situação atual — sem novos eixos;281,0;932,0190153906941
HEC-00;Situação atual — sem novos eixos;282,0;931,7496861810073
HEC-00;Situação atual — sem novos eixos;283,0;931,4922012856164
HEC-00;Situação atual — sem novos eixos;284,0;931,2460506752828
HEC-00;Situação atual — sem novos eixos;285,0;931,0107457144743
HEC-00;Situação atual — sem novos eixos;286,0;930,7858182938762
HEC-00;Situação atual — sem novos eixos;287,0;930,5708199965031
HEC-00;Situação atual — sem novos eixos;288,0;930,3653212961857
HEC-00;Situação atual — sem novos eixos;289,0;930,16891078726
HEC-00;Situação atual — sem novos eixos;290,0;929,9811944443186
HEC-00;Situação atual — sem novos eixos;291,0;929,8017949109235
HEC-00;Situação atual — sem novos eixos;292,0;929,6303508162157
HEC-00;Situação atual — sem novos eixos;293,0;929,4665161183906
HEC-00;Situação atual — sem novos eixos;294,0;929,3099594740467
HEC-00;Situação atual — sem novos eixos;295,0;929,1603636324447
HEC-00;Situação atual — sem novos eixos;296,0;929,0174248537489
HEC-00;Situação atual — sem novos eixos;297,0;928,8808523503523
HEC-00;Situação atual — sem novos eixos;298,0;928,7503677504199
HEC-00;Situação atual — sem novos eixos;299,0;928,6257045828164
HEC-00;Situação atual — sem novos eixos;300,0;928,506607782604
HEC-00;Situação atual — sem novos eixos;301,0;928,3928332163373
HEC-00;Situação atual — sem novos eixos;302,0;928,2841472263995
HEC-00;Situação atual — sem novos eixos;303,0;928,1803261936547
HEC-00;Situação atual — sem novos eixos;304,0;928,081156117717
HEC-00;Situação atual — sem novos eixos;305,0;927,9864322141597
HEC-00;Situação atual — sem novos eixos;306,0;927,8959585280134
HEC-00;Situação atual — sem novos eixos;307,0;927,8095475629266
HEC-00;Situação atual — sem novos eixos;308,0;927,7270199253804
HEC-00;Situação atual — sem novos eixos;309,0;927,648203983377
HEC-00;Situação atual — sem novos eixos;310,0;927,5729355390363
HEC-00;Situação atual — sem novos eixos;311,0;927,5010575145609
HEC-00;Situação atual — sem novos eixos;312,0;927,4324196510461
HEC-00;Situação atual — sem novos eixos;313,0;927,3668782196319
HEC-00;Situação atual — sem novos eixos;314,0;927,3042957445134
HEC-00;Situação atual — sem novos eixos;315,0;927,2445407373407
HEC-00;Situação atual — sem novos eixos;316,0;927,187487442561
HEC-00;Situação atual — sem novos eixos;317,0;927,1330155932694
HEC-00;Situação atual — sem novos eixos;318,0;927,0810101771523
HEC-00;Situação atual — sem novos eixos;319,0;927,0313612121205
HEC-00;Situação atual — sem novos eixos;320,0;926,9839635312497
HEC-00;Situação atual — sem novos eixos;321,0;926,9387165766525
HEC-00;Situação atual — sem novos eixos;322,0;926,8955242019294
HEC-00;Situação atual — sem novos eixos;323,0;926,8542944828511
HEC-00;Situação atual — sem novos eixos;324,0;926,8149395359437
HEC-00;Situação atual — sem novos eixos;325,0;926,7773753446575
HEC-00;Situação atual — sem novos eixos;326,0;926,7415215928147
HEC-00;Situação atual — sem novos eixos;327,0;926,7073015050404
HEC-00;Situação atual — sem novos eixos;328,0;926,6746416938958
HEC-00;Situação atual — sem novos eixos;329,0;926,6434720134389
HEC-00;Situação atual — sem novos eixos;330,0;926,6137254189564
HEC-00;Situação atual — sem novos eixos;331,0;926,5853378326083
HEC-00;Situação atual — sem novos eixos;332,0;926,5582480147515
HEC-00;Situação atual — sem novos eixos;333,0;926,5323974407032
HEC-00;Situação atual — sem novos eixos;334,0;926,5077301827284
HEC-00;Situação atual — sem novos eixos;335,0;926,4841927970291
HEC-00;Situação atual — sem novos eixos;336,0;926,4617342155373
HEC-00;Situação atual — sem novos eixos;337,0;926,4403056423085
HEC-00;Situação atual — sem novos eixos;338,0;926,4198604543293
HEC-00;Situação atual — sem novos eixos;339,0;926,4003541065536
HEC-00;Situação atual — sem novos eixos;340,0;926,3817440409958
HEC-00;Situação atual — sem novos eixos;341,0;926,3639895997103
HEC-00;Situação atual — sem novos eixos;342,0;926,3470519414952
HEC-00;Situação atual — sem novos eixos;343,0;926,3308939621701
HEC-00;Situação atual — sem novos eixos;344,0;926,3154802182722
HEC-00;Situação atual — sem novos eixos;345,0;926,3007768540331
HEC-00;Situação atual — sem novos eixos;346,0;926,2867515314974
HEC-00;Situação atual — sem novos eixos;347,0;926,2733733636521
HEC-00;Situação atual — sem novos eixos;348,0;926,260612850439
HEC-00;Situação atual — sem novos eixos;349,0;926,2484418175312
HEC-00;Situação atual — sem novos eixos;350,0;926,2368333577564
HEC-00;Situação atual — sem novos eixos;351,0;926,2257617750552
HEC-00;Situação atual — sem novos eixos;352,0;926,2152025308677
HEC-00;Situação atual — sem novos eixos;353,0;926,2051321928468
HEC-00;Situação atual — sem novos eixos;354,0;926,195528385798
HEC-00;Situação atual — sem novos eixos;355,0;926,1863697447525
HEC-00;Situação atual — sem novos eixos;356,0;926,1776358700839
HEC-00;Situação atual — sem novos eixos;357,0;926,1693072845787
HEC-00;Situação atual — sem novos eixos;358,0;926,1613653923825
HEC-00;Situação atual — sem novos eixos;359,0;926,1537924397352
HEC-00;Situação atual — sem novos eixos;360,0;926,146571477426
HEC-00;Situação atual — sem novos eixos;361,0;926,1396863248897
HEC-00;Situação atual — sem novos eixos;362,0;926,1331215358762
HEC-00;Situação atual — sem novos eixos;363,0;926,1268623656259
HEC-00;Situação atual — sem novos eixos;364,0;926,1208947394858
HEC-00;Situação atual — sem novos eixos;365,0;926,1152052229035
HEC-00;Situação atual — sem novos eixos;366,0;926,1097809927431
HEC-00;Situação atual — sem novos eixos;367,0;926,104609809863
HEC-00;Situação atual — sem novos eixos;368,0;926,0996799929015
HEC-00;Situação atual — sem novos eixos;369,0;926,0949803932209
HEC-00;Situação atual — sem novos eixos;370,0;926,0905003709556
HEC-00;Situação atual — sem novos eixos;371,0;926,086229772121
HEC-00;Situação atual — sem novos eixos;372,0;926,0821589067335
HEC-00;Situação atual — sem novos eixos;373,0;926,0782785279015
HEC-00;Situação atual — sem novos eixos;374,0;926,0745798118402
HEC-00;Situação atual — sem novos eixos;375,0;926,0710543387763
HEC-00;Situação atual — sem novos eixos;376,0;926,0676940746984
HEC-00;Situação atual — sem novos eixos;377,0;926,0644913539193
HEC-00;Situação atual — sem novos eixos;378,0;926,0614388624143
HEC-00;Situação atual — sem novos eixos;379,0;926,0585296219016
HEC-00;Situação atual — sem novos eixos;380,0;926,0557569746308
HEC-00;Situação atual — sem novos eixos;381,0;926,0531145688512
HEC-00;Situação atual — sem novos eixos;382,0;926,0505963449289
HEC-00;Situação atual — sem novos eixos;383,0;926,0481965220836
HEC-00;Situação atual — sem novos eixos;384,0;926,0459095857184
HEC-00;Situação atual — sem novos eixos;385,0;926,0437302753173
HEC-00;Situação atual — sem novos eixos;386,0;926,0416535728853
HEC-00;Situação atual — sem novos eixos;387,0;926,0396746919045
HEC-00;Situação atual — sem novos eixos;388,0;926,0377890667884
HEC-00;Situação atual — sem novos eixos;389,0;926,035992342809
HEC-00;Situação atual — sem novos eixos;390,0;926,0342803664751
HEC-00;Situação atual — sem novos eixos;391,0;926,0326491763449
HEC-00;Situação atual — sem novos eixos;392,0;926,0310949942528
HEC-00;Situação atual — sem novos eixos;393,0;926,029614216929
HEC-00;Situação atual — sem novos eixos;394,0;926,0282034079991
HEC-00;Situação atual — sem novos eixos;395,0;926,026859290344
HEC-00;Situação atual — sem novos eixos;396,0;926,0255787388044
HEC-00;Situação atual — sem novos eixos;397,0;926,0243587732157
HEC-00;Situação atual — sem novos eixos;398,0;926,0231965517572
HEC-00;Situação atual — sem novos eixos;399,0;926,0220893646027
HEC-04;"ALT-J + GU1 (100 m; triagem)";0,0;213,41951914886016
HEC-04;"ALT-J + GU1 (100 m; triagem)";1,0;698,0727138083658
HEC-04;"ALT-J + GU1 (100 m; triagem)";2,0;984,4527515108476
HEC-04;"ALT-J + GU1 (100 m; triagem)";3,0;1131,0292831944776
HEC-04;"ALT-J + GU1 (100 m; triagem)";4,0;1366,4769395892836
HEC-04;"ALT-J + GU1 (100 m; triagem)";5,0;1685,308140899531
HEC-04;"ALT-J + GU1 (100 m; triagem)";6,0;2074,892709179343
HEC-04;"ALT-J + GU1 (100 m; triagem)";7,0;2519,5017072916658
HEC-04;"ALT-J + GU1 (100 m; triagem)";8,0;3007,0308677880475
HEC-04;"ALT-J + GU1 (100 m; triagem)";9,0;3526,438498659844
HEC-04;"ALT-J + GU1 (100 m; triagem)";10,0;4058,435635558016
HEC-04;"ALT-J + GU1 (100 m; triagem)";11,0;4575,591919355557
HEC-04;"ALT-J + GU1 (100 m; triagem)";12,0;5007,888467836566
HEC-04;"ALT-J + GU1 (100 m; triagem)";13,0;5360,284534712465
HEC-04;"ALT-J + GU1 (100 m; triagem)";14,0;5662,442343941799
HEC-04;"ALT-J + GU1 (100 m; triagem)";15,0;5906,361420386847
HEC-04;"ALT-J + GU1 (100 m; triagem)";16,0;6111,347685660684
HEC-04;"ALT-J + GU1 (100 m; triagem)";17,0;6279,282710886893
HEC-04;"ALT-J + GU1 (100 m; triagem)";18,0;6411,686989380816
HEC-04;"ALT-J + GU1 (100 m; triagem)";19,0;6513,351814373003
HEC-04;"ALT-J + GU1 (100 m; triagem)";20,0;6591,865093713545
HEC-04;"ALT-J + GU1 (100 m; triagem)";21,0;6662,903152612993
HEC-04;"ALT-J + GU1 (100 m; triagem)";22,0;6726,34202275596
HEC-04;"ALT-J + GU1 (100 m; triagem)";23,0;6744,595561337679
HEC-04;"ALT-J + GU1 (100 m; triagem)";24,0;6690,885924531807
HEC-04;"ALT-J + GU1 (100 m; triagem)";25,0;6624,461404711855
HEC-04;"ALT-J + GU1 (100 m; triagem)";26,0;6547,741767189254
HEC-04;"ALT-J + GU1 (100 m; triagem)";27,0;6464,350388311643
HEC-04;"ALT-J + GU1 (100 m; triagem)";28,0;6375,500926315416
HEC-04;"ALT-J + GU1 (100 m; triagem)";29,0;6283,539279472857
HEC-04;"ALT-J + GU1 (100 m; triagem)";30,0;6190,659951832982
HEC-04;"ALT-J + GU1 (100 m; triagem)";31,0;6092,201656146425
HEC-04;"ALT-J + GU1 (100 m; triagem)";32,0;5993,406262576064
HEC-04;"ALT-J + GU1 (100 m; triagem)";33,0;5896,909689210864
HEC-04;"ALT-J + GU1 (100 m; triagem)";34,0;5886,295309567101
HEC-04;"ALT-J + GU1 (100 m; triagem)";35,0;5879,137864390975
HEC-04;"ALT-J + GU1 (100 m; triagem)";36,0;5861,6543130485525
HEC-04;"ALT-J + GU1 (100 m; triagem)";37,0;5840,842773767009
HEC-04;"ALT-J + GU1 (100 m; triagem)";38,0;5818,837297352169
HEC-04;"ALT-J + GU1 (100 m; triagem)";39,0;5796,428665981154
HEC-04;"ALT-J + GU1 (100 m; triagem)";40,0;5775,518384776684
HEC-04;"ALT-J + GU1 (100 m; triagem)";41,0;5753,930244882733
HEC-04;"ALT-J + GU1 (100 m; triagem)";42,0;5733,134052042145
HEC-04;"ALT-J + GU1 (100 m; triagem)";43,0;5712,604177909158
HEC-04;"ALT-J + GU1 (100 m; triagem)";44,0;5693,996429453168
HEC-04;"ALT-J + GU1 (100 m; triagem)";45,0;5676,15931476586
HEC-04;"ALT-J + GU1 (100 m; triagem)";46,0;5661,029506336186
HEC-04;"ALT-J + GU1 (100 m; triagem)";47,0;5646,229738523003
HEC-04;"ALT-J + GU1 (100 m; triagem)";48,0;5633,8463983913925
HEC-04;"ALT-J + GU1 (100 m; triagem)";49,0;5622,483243057775
HEC-04;"ALT-J + GU1 (100 m; triagem)";50,0;5612,394524373732
HEC-04;"ALT-J + GU1 (100 m; triagem)";51,0;5603,708727502007
HEC-04;"ALT-J + GU1 (100 m; triagem)";52,0;5594,339453181694
HEC-04;"ALT-J + GU1 (100 m; triagem)";53,0;5586,131307173211
HEC-04;"ALT-J + GU1 (100 m; triagem)";54,0;5578,158678939044
HEC-04;"ALT-J + GU1 (100 m; triagem)";55,0;5569,263246749358
HEC-04;"ALT-J + GU1 (100 m; triagem)";56,0;5560,983103810916
HEC-04;"ALT-J + GU1 (100 m; triagem)";57,0;5552,872831553688
HEC-04;"ALT-J + GU1 (100 m; triagem)";58,0;5543,76747144283
HEC-04;"ALT-J + GU1 (100 m; triagem)";59,0;5534,8617362465175
HEC-04;"ALT-J + GU1 (100 m; triagem)";60,0;5526,031752223292
HEC-04;"ALT-J + GU1 (100 m; triagem)";61,0;5516,417027363345
HEC-04;"ALT-J + GU1 (100 m; triagem)";62,0;5506,441783008275
HEC-04;"ALT-J + GU1 (100 m; triagem)";63,0;5496,296172288557
HEC-04;"ALT-J + GU1 (100 m; triagem)";64,0;5485,911110997773
HEC-04;"ALT-J + GU1 (100 m; triagem)";65,0;5474,598831434133
HEC-04;"ALT-J + GU1 (100 m; triagem)";66,0;5462,920977472341
HEC-04;"ALT-J + GU1 (100 m; triagem)";67,0;5450,835723220263
HEC-04;"ALT-J + GU1 (100 m; triagem)";68,0;5438,82394346419
HEC-04;"ALT-J + GU1 (100 m; triagem)";69,0;5427,387534894321
HEC-04;"ALT-J + GU1 (100 m; triagem)";70,0;5417,56643879968
HEC-04;"ALT-J + GU1 (100 m; triagem)";71,0;5408,7796682393
HEC-04;"ALT-J + GU1 (100 m; triagem)";72,0;5570,851986102403
HEC-04;"ALT-J + GU1 (100 m; triagem)";73,0;5844,878601235437
HEC-04;"ALT-J + GU1 (100 m; triagem)";74,0;6241,717524240088
HEC-04;"ALT-J + GU1 (100 m; triagem)";75,0;6646,254014026772
HEC-04;"ALT-J + GU1 (100 m; triagem)";76,0;6871,879680357474
HEC-04;"ALT-J + GU1 (100 m; triagem)";77,0;7001,666305585234
HEC-04;"ALT-J + GU1 (100 m; triagem)";78,0;7092,970519281325
HEC-04;"ALT-J + GU1 (100 m; triagem)";79,0;7153,001049593962
HEC-04;"ALT-J + GU1 (100 m; triagem)";80,0;7192,368172130361
HEC-04;"ALT-J + GU1 (100 m; triagem)";81,0;7214,209078686321
HEC-04;"ALT-J + GU1 (100 m; triagem)";82,0;7221,190254735337
HEC-04;"ALT-J + GU1 (100 m; triagem)";83,0;7215,580772033193
HEC-04;"ALT-J + GU1 (100 m; triagem)";84,0;7199,314012160932
HEC-04;"ALT-J + GU1 (100 m; triagem)";85,0;7174,039622470842
HEC-04;"ALT-J + GU1 (100 m; triagem)";86,0;7141,167237954386
HEC-04;"ALT-J + GU1 (100 m; triagem)";87,0;7101,903270495683
HEC-04;"ALT-J + GU1 (100 m; triagem)";88,0;7057,2818671668765
HEC-04;"ALT-J + GU1 (100 m; triagem)";89,0;7008,190968029469
HEC-04;"ALT-J + GU1 (100 m; triagem)";90,0;6955,394247846975
HEC-04;"ALT-J + GU1 (100 m; triagem)";91,0;6899,549601947179
HEC-04;"ALT-J + GU1 (100 m; triagem)";92,0;6841,224731239537
HEC-04;"ALT-J + GU1 (100 m; triagem)";93,0;6780,910292440888
HEC-04;"ALT-J + GU1 (100 m; triagem)";94,0;6719,031004538912
HEC-04;"ALT-J + GU1 (100 m; triagem)";95,0;6655,955039365737
HEC-04;"ALT-J + GU1 (100 m; triagem)";96,0;6592,001971070022
HEC-04;"ALT-J + GU1 (100 m; triagem)";97,0;6527,449514716682
HEC-04;"ALT-J + GU1 (100 m; triagem)";98,0;6462,539246879672
HEC-04;"ALT-J + GU1 (100 m; triagem)";99,0;6397,48146978963
HEC-04;"ALT-J + GU1 (100 m; triagem)";100,0;6332,459354389236
HEC-04;"ALT-J + GU1 (100 m; triagem)";101,0;6334,346899401443
HEC-04;"ALT-J + GU1 (100 m; triagem)";102,0;6263,539385815586
HEC-04;"ALT-J + GU1 (100 m; triagem)";103,0;6193,875873160244
HEC-04;"ALT-J + GU1 (100 m; triagem)";104,0;6125,378404401911
HEC-04;"ALT-J + GU1 (100 m; triagem)";105,0;6058,0660565956505
HEC-04;"ALT-J + GU1 (100 m; triagem)";106,0;5991,955078100797
HEC-04;"ALT-J + GU1 (100 m; triagem)";107,0;5927,059024456428
HEC-04;"ALT-J + GU1 (100 m; triagem)";108,0;5863,3888924818375
HEC-04;"ALT-J + GU1 (100 m; triagem)";109,0;5800,953252223434
HEC-04;"ALT-J + GU1 (100 m; triagem)";110,0;5739,7583764209885
HEC-04;"ALT-J + GU1 (100 m; triagem)";111,0;5679,808367213109
HEC-04;"ALT-J + GU1 (100 m; triagem)";112,0;5621,105279844665
HEC-04;"ALT-J + GU1 (100 m; triagem)";113,0;5563,649243177845
HEC-04;"ALT-J + GU1 (100 m; triagem)";114,0;5507,438576843822
HEC-04;"ALT-J + GU1 (100 m; triagem)";115,0;5452,469904904002
HEC-04;"ALT-J + GU1 (100 m; triagem)";116,0;5398,738265918729
HEC-04;"ALT-J + GU1 (100 m; triagem)";117,0;5346,237219347334
HEC-04;"ALT-J + GU1 (100 m; triagem)";118,0;5294,95894822677
HEC-04;"ALT-J + GU1 (100 m; triagem)";119,0;5244,894358097041
HEC-04;"ALT-J + GU1 (100 m; triagem)";120,0;5196,0331721603025
HEC-04;"ALT-J + GU1 (100 m; triagem)";121,0;5148,364022677169
HEC-04;"ALT-J + GU1 (100 m; triagem)";122,0;5101,874538618484
HEC-04;"ALT-J + GU1 (100 m; triagem)";123,0;5056,551429603822
HEC-04;"ALT-J + GU1 (100 m; triagem)";124,0;5012,380566169396
HEC-04;"ALT-J + GU1 (100 m; triagem)";125,0;4969,347056418061
HEC-04;"ALT-J + GU1 (100 m; triagem)";126,0;4927,435319112666
HEC-04;"ALT-J + GU1 (100 m; triagem)";127,0;4886,629153281538
HEC-04;"ALT-J + GU1 (100 m; triagem)";128,0;4846,911804411145
HEC-04;"ALT-J + GU1 (100 m; triagem)";129,0;4808,266027306355
HEC-04;"ALT-J + GU1 (100 m; triagem)";130,0;4770,674145703171
HEC-04;"ALT-J + GU1 (100 m; triagem)";131,0;4734,11810872239
HEC-04;"ALT-J + GU1 (100 m; triagem)";132,0;4698,579544255536
HEC-04;"ALT-J + GU1 (100 m; triagem)";133,0;4664,039809376629
HEC-04;"ALT-J + GU1 (100 m; triagem)";134,0;4630,480037874959
HEC-04;"ALT-J + GU1 (100 m; triagem)";135,0;4597,88118500508
HEC-04;"ALT-J + GU1 (100 m; triagem)";136,0;4566,224069550849
HEC-04;"ALT-J + GU1 (100 m; triagem)";137,0;4535,489413300479
HEC-04;"ALT-J + GU1 (100 m; triagem)";138,0;4505,657878029338
HEC-04;"ALT-J + GU1 (100 m; triagem)";139,0;4476,7101000866605
HEC-04;"ALT-J + GU1 (100 m; triagem)";140,0;4448,62672268148
HEC-04;"ALT-J + GU1 (100 m; triagem)";141,0;4421,38842596193
HEC-04;"ALT-J + GU1 (100 m; triagem)";142,0;4394,975954980705
HEC-04;"ALT-J + GU1 (100 m; triagem)";143,0;4369,370145637931
HEC-04;"ALT-J + GU1 (100 m; triagem)";144,0;4344,551948690934
HEC-04;"ALT-J + GU1 (100 m; triagem)";145,0;4320,502451918488
HEC-04;"ALT-J + GU1 (100 m; triagem)";146,0;4297,202900525191
HEC-04;"ALT-J + GU1 (100 m; triagem)";147,0;4274,634715869414
HEC-04;"ALT-J + GU1 (100 m; triagem)";148,0;4252,779512596159
HEC-04;"ALT-J + GU1 (100 m; triagem)";149,0;4231,619114253799
HEC-04;"ALT-J + GU1 (100 m; triagem)";150,0;4211,1355674714905
HEC-04;"ALT-J + GU1 (100 m; triagem)";151,0;4191,311154771557
HEC-04;"ALT-J + GU1 (100 m; triagem)";152,0;4172,128406088873
HEC-04;"ALT-J + GU1 (100 m; triagem)";153,0;4153,570109066833
HEC-04;"ALT-J + GU1 (100 m; triagem)";154,0;4135,619318197097
HEC-04;"ALT-J + GU1 (100 m; triagem)";155,0;4118,259362867951
HEC-04;"ALT-J + GU1 (100 m; triagem)";156,0;4101,473854383686
HEC-04;"ALT-J + GU1 (100 m; triagem)";157,0;4085,2466920151173
HEC-04;"ALT-J + GU1 (100 m; triagem)";158,0;4069,5620681389523
HEC-04;"ALT-J + GU1 (100 m; triagem)";159,0;4054,404472521504
HEC-04;"ALT-J + GU1 (100 m; triagem)";160,0;4039,758695799906
HEC-04;"ALT-J + GU1 (100 m; triagem)";161,0;4025,6098322118346
HEC-04;"ALT-J + GU1 (100 m; triagem)";162,0;4011,94328162252
HEC-04;"ALT-J + GU1 (100 m; triagem)";163,0;3998,744750895725
HEC-04;"ALT-J + GU1 (100 m; triagem)";164,0;3986,0002546532855
HEC-04;"ALT-J + GU1 (100 m; triagem)";165,0;3973,696115465783
HEC-04;"ALT-J + GU1 (100 m; triagem)";166,0;3961,8189635149415
HEC-04;"ALT-J + GU1 (100 m; triagem)";167,0;3950,3557357664404
HEC-04;"ALT-J + GU1 (100 m; triagem)";168,0;3939,2936746899486
HEC-04;"ALT-J + GU1 (100 m; triagem)";169,0;3928,6203265614167
HEC-04;"ALT-J + GU1 (100 m; triagem)";170,0;3918,323539380872
HEC-04;"ALT-J + GU1 (100 m; triagem)";171,0;3908,391460437321
HEC-04;"ALT-J + GU1 (100 m; triagem)";172,0;3898,81253355069
HEC-04;"ALT-J + GU1 (100 m; triagem)";173,0;3889,5754960191866
HEC-04;"ALT-J + GU1 (100 m; triagem)";174,0;3880,6693752989336
HEC-04;"ALT-J + GU1 (100 m; triagem)";175,0;3872,083485441269
HEC-04;"ALT-J + GU1 (100 m; triagem)";176,0;3863,807423311695
HEC-04;"ALT-J + GU1 (100 m; triagem)";177,0;3855,8310646131126
HEC-04;"ALT-J + GU1 (100 m; triagem)";178,0;3848,1445597346733
HEC-04;"ALT-J + GU1 (100 m; triagem)";179,0;3840,738329446342
HEC-04;"ALT-J + GU1 (100 m; triagem)";180,0;3833,603060458057
HEC-04;"ALT-J + GU1 (100 m; triagem)";181,0;3826,729700861246
HEC-04;"ALT-J + GU1 (100 m; triagem)";182,0;3820,109455469344
HEC-04;"ALT-J + GU1 (100 m; triagem)";183,0;3812,8190355402235
HEC-04;"ALT-J + GU1 (100 m; triagem)";184,0;3798,547503391325
HEC-04;"ALT-J + GU1 (100 m; triagem)";185,0;3784,5392334686107
HEC-04;"ALT-J + GU1 (100 m; triagem)";186,0;3770,7876083230794
HEC-04;"ALT-J + GU1 (100 m; triagem)";187,0;3757,2861947332653
HEC-04;"ALT-J + GU1 (100 m; triagem)";188,0;3744,0287398916307
HEC-04;"ALT-J + GU1 (100 m; triagem)";189,0;3730,7447808766406
HEC-04;"ALT-J + GU1 (100 m; triagem)";190,0;3717,5445824429553
HEC-04;"ALT-J + GU1 (100 m; triagem)";191,0;3704,5766929287774
HEC-04;"ALT-J + GU1 (100 m; triagem)";192,0;3691,8355659718045
HEC-04;"ALT-J + GU1 (100 m; triagem)";193,0;3679,3158135813233
HEC-04;"ALT-J + GU1 (100 m; triagem)";194,0;3667,012202307201
HEC-04;"ALT-J + GU1 (100 m; triagem)";195,0;3654,919649425995
HEC-04;"ALT-J + GU1 (100 m; triagem)";196,0;3642,8485485003507
HEC-04;"ALT-J + GU1 (100 m; triagem)";197,0;3630,6199939509297
HEC-04;"ALT-J + GU1 (100 m; triagem)";198,0;3618,597398094059
HEC-04;"ALT-J + GU1 (100 m; triagem)";199,0;3606,776243050794
HEC-04;"ALT-J + GU1 (100 m; triagem)";200,0;3595,152139614657
HEC-04;"ALT-J + GU1 (100 m; triagem)";201,0;3583,720823703018
HEC-04;"ALT-J + GU1 (100 m; triagem)";202,0;3572,4781528585645
HEC-04;"ALT-J + GU1 (100 m; triagem)";203,0;3561,4114914046677
HEC-04;"ALT-J + GU1 (100 m; triagem)";204,0;3550,094436172824
HEC-04;"ALT-J + GU1 (100 m; triagem)";205,0;3538,962879117046
HEC-04;"ALT-J + GU1 (100 m; triagem)";206,0;3528,0131024067086
HEC-04;"ALT-J + GU1 (100 m; triagem)";207,0;3517,2414904448806
HEC-04;"ALT-J + GU1 (100 m; triagem)";208,0;3506,6445267733125
HEC-04;"ALT-J + GU1 (100 m; triagem)";209,0;3496,218791042838
HEC-04;"ALT-J + GU1 (100 m; triagem)";210,0;3485,9449882821177
HEC-04;"ALT-J + GU1 (100 m; triagem)";211,0;3475,638601590211
HEC-04;"ALT-J + GU1 (100 m; triagem)";212,0;3465,28263701787
HEC-04;"ALT-J + GU1 (100 m; triagem)";213,0;3455,039993672045
HEC-04;"ALT-J + GU1 (100 m; triagem)";214,0;3444,907391945489
HEC-04;"ALT-J + GU1 (100 m; triagem)";215,0;3434,8816426252843
HEC-04;"ALT-J + GU1 (100 m; triagem)";216,0;3424,960207652697
HEC-04;"ALT-J + GU1 (100 m; triagem)";217,0;3415,1287918121666
HEC-04;"ALT-J + GU1 (100 m; triagem)";218,0;3405,3726120299484
HEC-04;"ALT-J + GU1 (100 m; triagem)";219,0;3395,3184385196823
HEC-04;"ALT-J + GU1 (100 m; triagem)";220,0;3385,231293048532
HEC-04;"ALT-J + GU1 (100 m; triagem)";221,0;3375,2182700064586
HEC-04;"ALT-J + GU1 (100 m; triagem)";222,0;3365,276342050803
HEC-04;"ALT-J + GU1 (100 m; triagem)";223,0;3355,403572657433
HEC-04;"ALT-J + GU1 (100 m; triagem)";224,0;3345,597725352993
HEC-04;"ALT-J + GU1 (100 m; triagem)";225,0;3335,8558918906842
HEC-04;"ALT-J + GU1 (100 m; triagem)";226,0;3326,029378761147
HEC-04;"ALT-J + GU1 (100 m; triagem)";227,0;3315,7164456906935
HEC-04;"ALT-J + GU1 (100 m; triagem)";228,0;3305,472102134735
HEC-04;"ALT-J + GU1 (100 m; triagem)";229,0;3295,2935418622533
HEC-04;"ALT-J + GU1 (100 m; triagem)";230,0;3285,178994430755
HEC-04;"ALT-J + GU1 (100 m; triagem)";231,0;3275,12650001649
HEC-04;"ALT-J + GU1 (100 m; triagem)";232,0;3265,133444296784
HEC-04;"ALT-J + GU1 (100 m; triagem)";233,0;3255,1976896480733
HEC-04;"ALT-J + GU1 (100 m; triagem)";234,0;3244,363463115407
HEC-04;"ALT-J + GU1 (100 m; triagem)";235,0;3233,5536671401132
HEC-04;"ALT-J + GU1 (100 m; triagem)";236,0;3222,8135428193996
HEC-04;"ALT-J + GU1 (100 m; triagem)";237,0;3212,1413047361402
HEC-04;"ALT-J + GU1 (100 m; triagem)";238,0;3201,5346799089143
HEC-04;"ALT-J + GU1 (100 m; triagem)";239,0;3190,9909839868697
HEC-04;"ALT-J + GU1 (100 m; triagem)";240,0;3180,399362733493
HEC-04;"ALT-J + GU1 (100 m; triagem)";241,0;3169,0917816863216
HEC-04;"ALT-J + GU1 (100 m; triagem)";242,0;3157,860129785149
HEC-04;"ALT-J + GU1 (100 m; triagem)";243,0;3146,702207884207
HEC-04;"ALT-J + GU1 (100 m; triagem)";244,0;3135,615695374349
HEC-04;"ALT-J + GU1 (100 m; triagem)";245,0;3124,5981470521106
HEC-04;"ALT-J + GU1 (100 m; triagem)";246,0;3113,6472117708536
HEC-04;"ALT-J + GU1 (100 m; triagem)";247,0;3102,4244941777374
HEC-04;"ALT-J + GU1 (100 m; triagem)";248,0;3090,97142699463
HEC-04;"ALT-J + GU1 (100 m; triagem)";249,0;3079,5936457477537
HEC-04;"ALT-J + GU1 (100 m; triagem)";250,0;3068,2887086830588
HEC-04;"ALT-J + GU1 (100 m; triagem)";251,0;3057,054036970677
HEC-04;"ALT-J + GU1 (100 m; triagem)";252,0;3045,887001590431
HEC-04;"ALT-J + GU1 (100 m; triagem)";253,0;3034,7853413738376
HEC-04;"ALT-J + GU1 (100 m; triagem)";254,0;3022,8559854646965
HEC-04;"ALT-J + GU1 (100 m; triagem)";255,0;3010,9645005894563
HEC-04;"ALT-J + GU1 (100 m; triagem)";256,0;2999,1560158402863
HEC-04;"ALT-J + GU1 (100 m; triagem)";257,0;2987,427078736722
HEC-04;"ALT-J + GU1 (100 m; triagem)";258,0;2975,7744571962803
HEC-04;"ALT-J + GU1 (100 m; triagem)";259,0;2964,195723491155
HEC-04;"ALT-J + GU1 (100 m; triagem)";260,0;2951,9762596807846
HEC-04;"ALT-J + GU1 (100 m; triagem)";261,0;2939,191347210122
HEC-04;"ALT-J + GU1 (100 m; triagem)";262,0;2926,5143994489576
HEC-04;"ALT-J + GU1 (100 m; triagem)";263,0;2913,941170149872
HEC-04;"ALT-J + GU1 (100 m; triagem)";264,0;2901,467667365507
HEC-04;"ALT-J + GU1 (100 m; triagem)";265,0;2889,090648236771
HEC-04;"ALT-J + GU1 (100 m; triagem)";266,0;2876,0305620053446
HEC-04;"ALT-J + GU1 (100 m; triagem)";267,0;2861,817755977692
HEC-04;"ALT-J + GU1 (100 m; triagem)";268,0;2847,769617540558
HEC-04;"ALT-J + GU1 (100 m; triagem)";269,0;2833,8799401257256
HEC-04;"ALT-J + GU1 (100 m; triagem)";270,0;2820,1427033118607
HEC-04;"ALT-J + GU1 (100 m; triagem)";271,0;2806,5522745678522
HEC-04;"ALT-J + GU1 (100 m; triagem)";272,0;2791,8526411785433
HEC-04;"ALT-J + GU1 (100 m; triagem)";273,0;2776,7609330998066
HEC-04;"ALT-J + GU1 (100 m; triagem)";274,0;2761,8854869100483
HEC-04;"ALT-J + GU1 (100 m; triagem)";275,0;2747,2175598503986
HEC-04;"ALT-J + GU1 (100 m; triagem)";276,0;2732,74894683305
HEC-04;"ALT-J + GU1 (100 m; triagem)";277,0;2718,290700202413
HEC-04;"ALT-J + GU1 (100 m; triagem)";278,0;2703,0129598011777
HEC-04;"ALT-J + GU1 (100 m; triagem)";279,0;2687,976370642496
HEC-04;"ALT-J + GU1 (100 m; triagem)";280,0;2673,169254379698
HEC-04;"ALT-J + GU1 (100 m; triagem)";281,0;2658,57943278168
HEC-04;"ALT-J + GU1 (100 m; triagem)";282,0;2644,1973920351797
HEC-04;"ALT-J + GU1 (100 m; triagem)";283,0;2629,2478273062916
HEC-04;"ALT-J + GU1 (100 m; triagem)";284,0;2613,5561532653956
HEC-04;"ALT-J + GU1 (100 m; triagem)";285,0;2598,150616128254
HEC-04;"ALT-J + GU1 (100 m; triagem)";286,0;2583,0139866345485
HEC-04;"ALT-J + GU1 (100 m; triagem)";287,0;2568,1306198002744
HEC-04;"ALT-J + GU1 (100 m; triagem)";288,0;2553,4858737504655
HEC-04;"ALT-J + GU1 (100 m; triagem)";289,0;2537,3394608230533
HEC-04;"ALT-J + GU1 (100 m; triagem)";290,0;2520,6761955373204
HEC-04;"ALT-J + GU1 (100 m; triagem)";291,0;2504,4020522021005
HEC-04;"ALT-J + GU1 (100 m; triagem)";292,0;2488,4879494188417
HEC-04;"ALT-J + GU1 (100 m; triagem)";293,0;2472,9116324018455
HEC-04;"ALT-J + GU1 (100 m; triagem)";294,0;2457,6465444074647
HEC-04;"ALT-J + GU1 (100 m; triagem)";295,0;2438,6280732589216
HEC-04;"ALT-J + GU1 (100 m; triagem)";296,0;2420,2619638898313
HEC-04;"ALT-J + GU1 (100 m; triagem)";297,0;2402,5339341766116
HEC-04;"ALT-J + GU1 (100 m; triagem)";298,0;2385,39375920695
HEC-04;"ALT-J + GU1 (100 m; triagem)";299,0;2368,7859014452665
HEC-04;"ALT-J + GU1 (100 m; triagem)";300,0;2362,179123713854
HEC-04;"ALT-J + GU1 (100 m; triagem)";301,0;2362,136629279607
HEC-04;"ALT-J + GU1 (100 m; triagem)";302,0;2362,0960348674553
HEC-04;"ALT-J + GU1 (100 m; triagem)";303,0;2362,057257008881
HEC-04;"ALT-J + GU1 (100 m; triagem)";304,0;2362,0202158241805
HEC-04;"ALT-J + GU1 (100 m; triagem)";305,0;2361,984834872256
HEC-04;"ALT-J + GU1 (100 m; triagem)";306,0;2361,9510410064872
HEC-04;"ALT-J + GU1 (100 m; triagem)";307,0;2361,9187642364273
HEC-04;"ALT-J + GU1 (100 m; triagem)";308,0;2361,8879375951187
HEC-04;"ALT-J + GU1 (100 m; triagem)";309,0;2361,8584970118013
HEC-04;"ALT-J + GU1 (100 m; triagem)";310,0;2361,8303811898018
HEC-04;"ALT-J + GU1 (100 m; triagem)";311,0;2361,803531489406
HEC-04;"ALT-J + GU1 (100 m; triagem)";312,0;2361,7778918155227
HEC-04;"ALT-J + GU1 (100 m; triagem)";313,0;2361,753408509944
HEC-04;"ALT-J + GU1 (100 m; triagem)";314,0;2361,730030248027
HEC-04;"ALT-J + GU1 (100 m; triagem)";315,0;2361,707707939622
HEC-04;"ALT-J + GU1 (100 m; triagem)";316,0;2361,68639463408
HEC-04;"ALT-J + GU1 (100 m; triagem)";317,0;2361,666045429176
HEC-04;"ALT-J + GU1 (100 m; triagem)";318,0;2361,6466173837975
HEC-04;"ALT-J + GU1 (100 m; triagem)";319,0;2361,628069434243
HEC-04;"ALT-J + GU1 (100 m; triagem)";320,0;1996,3549847024979
HEC-04;"ALT-J + GU1 (100 m; triagem)";321,0;1948,2976476770968
HEC-04;"ALT-J + GU1 (100 m; triagem)";322,0;1934,6147979037803
HEC-04;"ALT-J + GU1 (100 m; triagem)";323,0;1920,7663976259323
HEC-04;"ALT-J + GU1 (100 m; triagem)";324,0;1906,6555678915151
HEC-04;"ALT-J + GU1 (100 m; triagem)";325,0;1892,3533265333785
HEC-04;"ALT-J + GU1 (100 m; triagem)";326,0;1877,7923770847926
HEC-04;"ALT-J + GU1 (100 m; triagem)";327,0;1862,9876899530216
HEC-04;"ALT-J + GU1 (100 m; triagem)";328,0;1848,0065081102262
HEC-04;"ALT-J + GU1 (100 m; triagem)";329,0;1832,809549403817
HEC-04;"ALT-J + GU1 (100 m; triagem)";330,0;1817,443714434757
HEC-04;"ALT-J + GU1 (100 m; triagem)";331,0;1801,8248565927531
HEC-04;"ALT-J + GU1 (100 m; triagem)";332,0;1785,9638876080792
HEC-04;"ALT-J + GU1 (100 m; triagem)";333,0;1769,882277940203
HEC-04;"ALT-J + GU1 (100 m; triagem)";334,0;1753,5229722919328
HEC-04;"ALT-J + GU1 (100 m; triagem)";335,0;1736,9669732604384
HEC-04;"ALT-J + GU1 (100 m; triagem)";336,0;1720,1123151466018
HEC-04;"ALT-J + GU1 (100 m; triagem)";337,0;1702,983098396276
HEC-04;"ALT-J + GU1 (100 m; triagem)";338,0;1685,6655527365922
HEC-04;"ALT-J + GU1 (100 m; triagem)";339,0;1668,0565804969092
HEC-04;"ALT-J + GU1 (100 m; triagem)";340,0;1650,2964845465851
HEC-04;"ALT-J + GU1 (100 m; triagem)";341,0;1632,2676681417117
HEC-04;"ALT-J + GU1 (100 m; triagem)";342,0;1614,040711482563
HEC-04;"ALT-J + GU1 (100 m; triagem)";343,0;1595,5680026661878
HEC-04;"ALT-J + GU1 (100 m; triagem)";344,0;1576,809391704185
HEC-04;"ALT-J + GU1 (100 m; triagem)";345,0;1561,4661711916203
HEC-04;"ALT-J + GU1 (100 m; triagem)";346,0;1549,725843706965
HEC-04;"ALT-J + GU1 (100 m; triagem)";347,0;1538,2214848876354
HEC-04;"ALT-J + GU1 (100 m; triagem)";348,0;1526,610002814356
HEC-04;"ALT-J + GU1 (100 m; triagem)";349,0;1514,7831078024103
HEC-04;"ALT-J + GU1 (100 m; triagem)";350,0;1503,3147562183551
HEC-04;"ALT-J + GU1 (100 m; triagem)";351,0;1497,7840090398079
HEC-04;"ALT-J + GU1 (100 m; triagem)";352,0;1497,7780091025934
HEC-04;"ALT-J + GU1 (100 m; triagem)";353,0;1497,7722868912253
HEC-04;"ALT-J + GU1 (100 m; triagem)";354,0;1497,7668296994955
HEC-04;"ALT-J + GU1 (100 m; triagem)";355,0;1497,761625394657
HEC-04;"ALT-J + GU1 (100 m; triagem)";356,0;1442,166729064624
HEC-04;"ALT-J + GU1 (100 m; triagem)";357,0;1349,6059360717356
HEC-04;"ALT-J + GU1 (100 m; triagem)";358,0;1312,634709992171
HEC-04;"ALT-J + GU1 (100 m; triagem)";359,0;1312,6292615391053
HEC-04;"ALT-J + GU1 (100 m; triagem)";360,0;1312,6240662462249
HEC-04;"ALT-J + GU1 (100 m; triagem)";361,0;1312,6191124804684
HEC-04;"ALT-J + GU1 (100 m; triagem)";362,0;1312,6143891364788
HEC-04;"ALT-J + GU1 (100 m; triagem)";363,0;1312,6098856130302
HEC-04;"ALT-J + GU1 (100 m; triagem)";364,0;1312,605591790481
HEC-04;"ALT-J + GU1 (100 m; triagem)";365,0;1312,601498009224
HEC-04;"ALT-J + GU1 (100 m; triagem)";366,0;1312,5975950490815
HEC-04;"ALT-J + GU1 (100 m; triagem)";367,0;1312,5938741096036
HEC-04;"ALT-J + GU1 (100 m; triagem)";368,0;1312,5903267912418
HEC-04;"ALT-J + GU1 (100 m; triagem)";369,0;1312,5869450773432
HEC-04;"ALT-J + GU1 (100 m; triagem)";370,0;1187,4058243051113
HEC-04;"ALT-J + GU1 (100 m; triagem)";371,0;994,1567521484999
HEC-04;"ALT-J + GU1 (100 m; triagem)";372,0;926,0850933713991
HEC-04;"ALT-J + GU1 (100 m; triagem)";373,0;926,0810756947712
HEC-04;"ALT-J + GU1 (100 m; triagem)";374,0;926,077246040155
HEC-04;"ALT-J + GU1 (100 m; triagem)";375,0;926,0735956966465
HEC-04;"ALT-J + GU1 (100 m; triagem)";376,0;926,070116352253
HEC-04;"ALT-J + GU1 (100 m; triagem)";377,0;926,0668000758682
HEC-04;"ALT-J + GU1 (100 m; triagem)";378,0;926,0636393000549
HEC-04;"ALT-J + GU1 (100 m; triagem)";379,0;926,0606268045882
HEC-04;"ALT-J + GU1 (100 m; triagem)";380,0;926,057755700734
HEC-04;"ALT-J + GU1 (100 m; triagem)";381,0;926,0550194162298
HEC-04;"ALT-J + GU1 (100 m; triagem)";382,0;926,0524116809313
HEC-04;"ALT-J + GU1 (100 m; triagem)";383,0;926,049926513106
HEC-04;"ALT-J + GU1 (100 m; triagem)";384,0;926,0475582063325
HEC-04;"ALT-J + GU1 (100 m; triagem)";385,0;926,0453013169921
HEC-04;"ALT-J + GU1 (100 m; triagem)";386,0;926,0431506523157
HEC-04;"ALT-J + GU1 (100 m; triagem)";387,0;926,0411012589689
HEC-04;"ALT-J + GU1 (100 m; triagem)";388,0;926,0391484121486
HEC-04;"ALT-J + GU1 (100 m; triagem)";389,0;926,0372876051671
HEC-04;"ALT-J + GU1 (100 m; triagem)";390,0;926,0355145395073
HEC-04;"ALT-J + GU1 (100 m; triagem)";391,0;926,0338251153219
HEC-04;"ALT-J + GU1 (100 m; triagem)";392,0;926,032215422361
HEC-04;"ALT-J + GU1 (100 m; triagem)";393,0;926,0306817313095
HEC-04;"ALT-J + GU1 (100 m; triagem)";394,0;926,0292204855135
HEC-04;"ALT-J + GU1 (100 m; triagem)";395,0;926,0278282930786
HEC-04;"ALT-J + GU1 (100 m; triagem)";396,0;926,026501919328
HEC-04;"ALT-J + GU1 (100 m; triagem)";397,0;926,025238279599
HEC-04;"ALT-J + GU1 (100 m; triagem)";398,0;926,0240344323647
HEC-04;"ALT-J + GU1 (100 m; triagem)";399,0;926,022887572669
