cenario;trecho;area_km2;Q_m3s;h_m;z_talvegue_m;z_linha_dagua_m;declividade;n_manning
sem_barragem;0;150,8;262;0,66;69,5;70,2;0,0803299993276596;0,07
sem_barragem;1;151,1;263;0,19;69,0;69,2;0,10478000342845917;0,069
sem_barragem;2;151,5;263;1,23;53,5;54,7;0,0850600004196167;0,065
sem_barragem;3;151,9;264;1,51;52,5;54,0;0,05452999845147133;0,065
sem_barragem;4;152,2;264;1,2;64,9;66,1;0,08060000091791153;0,065
sem_barragem;5;152,4;264;0,86;50,0;50,9;0,13050000369548798;0,067
sem_barragem;6;152,9;265;0,66;152,2;152,9;0,12737999856472015;0,07
sem_barragem;7;153,4;266;0,8;15,3;16,1;0,12230999767780304;0,062
sem_barragem;8;153,9;267;0,46;100,7;101,1;0,21484999358654022;0,06
sem_barragem;9;154,3;267;0,6;52,6;53,2;0,20670999586582184;0,068
sem_barragem;10;154,5;267;0,69;98,5;99,2;0,2082200050354004;0,061
sem_barragem;11;154,9;268;0,28;98,9;99,2;0,1975799947977066;0,062
sem_barragem;12;155,5;269;1,08;136,2;137,2;0,1705400049686432;0,064
sem_barragem;13;156,1;270;0,91;138,4;139,3;0,16705000400543213;0,062
sem_barragem;14;156,8;271;0,29;138,2;138,5;0,18880000710487366;0,067
sem_barragem;15;157,8;272;0,41;51,3;51,7;0,18116000294685364;0,064
sem_barragem;16;158,4;273;0,59;49,9;50,5;0,1726199984550476;0,064
sem_barragem;17;158,8;274;0,18;87,2;87,4;0,17219999432563782;0,061
sem_barragem;18;159,1;274;0,52;43,7;44,2;0,16009999811649323;0,064
sem_barragem;19;159,4;275;0,54;158,3;158,8;0,15703000128269196;0,063
sem_barragem;20;159,8;275;0,38;23,7;24,1;0,16043999791145325;0,061
sem_barragem;21;159,9;275;0,65;12,6;13,3;0,11467999964952469;0,055
sem_barragem;22;160,7;277;0,52;11,8;12,3;0,10593999922275543;0,067
sem_barragem;23;161,1;277;0,85;47,6;48,5;0,10724999755620956;0,067
sem_barragem;24;161,9;278;0,7;47,5;48,2;0,08433999866247177;0,06
sem_barragem;25;162,3;279;0,79;112,3;113,1;0,10531000047922134;0,067
sem_barragem;26;162,7;280;0,66;51,6;52,3;0,09782999753952026;0,053
sem_barragem;27;162,9;280;0,52;94,0;94,6;0,09724000096321106;0,057
sem_barragem;28;163,5;281;0,55;44,4;44,9;0,06488999724388123;0,059
sem_barragem;29;164,2;282;1,48;45,8;47,3;0,03791999816894531;0,066
sem_barragem;30;164,8;283;1,28;36,2;37,5;0,0385500006377697;0,062
sem_barragem;31;165,7;284;0,05;34,2;34,3;0,05452999845147133;0,066
sem_barragem;32;166,5;285;0,59;23,3;23,9;0,054329998791217804;0,053
sem_barragem;33;167,0;286;0,74;25,7;26,4;0,055229999125003815;0,055
sem_barragem;34;167,9;287;0,51;64,6;65,1;0,2530499994754791;0,063
sem_barragem;35;168,7;288;0,67;115,0;115,7;0,05528999865055084;0,067
sem_barragem;36;170,7;291;0,7;107,7;108,4;0,05618999898433685;0,069
sem_barragem;37;171,6;292;0,62;61,2;61,9;0,06932999938726425;0,067
sem_barragem;38;172,4;294;1,21;61,0;62,2;0,03443000093102455;0,064
sem_barragem;39;173,3;295;0,65;24,1;24,7;0,14993000030517578;0,062
sem_barragem;40;174,5;297;0,24;22,1;22,4;0,2887499928474426;0,055
sem_barragem;41;175,1;297;0,38;330,5;330,9;0,294869989156723;0,058
sem_barragem;42;178,9;303;0,27;58,7;58,9;0,04613000154495239;0,056
sem_barragem;43;180,7;306;1,13;8,5;9,6;0,009270000271499157;0,062
sem_barragem;44;181,4;307;0,72;56,1;56,8;0,04433999955654144;0,058
sem_barragem;45;182,3;308;0,23;54,4;54,6;0,14889000356197357;0,067
sem_barragem;46;182,5;308;0,57;22,0;22,6;0,1526000052690506;0,058
sem_barragem;47;183,0;309;0,29;22,5;22,7;0,15394000709056854;0,057
sem_barragem;48;183,4;309;0,93;22,7;23,6;0,021199999377131462;0,067
sem_barragem;49;183,5;310;0,8;7,2;8,0;0,15025000274181366;0,044
sem_barragem;50;183,5;310;1,22;30,5;31,7;0,022220000624656677;0,053
sem_barragem;51;184,5;311;0,68;28,6;29,3;0,13583000004291534;0,064
sem_barragem;52;185,1;312;0,22;47,7;47,9;0,13606999814510345;0,063
sem_barragem;53;185,5;313;0,63;23,6;24,2;0,0246799997985363;0,05
sem_barragem;54;186,3;314;0,64;109,1;109,7;0,25501999258995056;0,065
sem_barragem;55;188,4;317;0,71;50,6;51,3;0,12755000591278076;0,062
sem_barragem;56;189,7;319;0,24;48,6;48,8;0,15211999416351318;0,066
sem_barragem;57;190,9;320;0,51;35,0;35,6;0,15027999877929688;0,054
sem_barragem;58;191,0;320;0,84;44,6;45,5;0,1311199963092804;0,058
sem_barragem;59;191,6;321;0,37;30,2;30,6;0,1477700024843216;0,061
sem_barragem;60;192,4;322;1,02;178,8;179,8;0,1428000032901764;0,059
sem_barragem;61;192,9;323;0,62;162,7;163,3;0,1271200031042099;0,063
sem_barragem;62;193,3;324;0,67;150,7;151,4;0,11729999631643295;0,06
sem_barragem;63;194,1;325;0,6;23,5;24,1;0,10685999691486359;0,067
sem_barragem;64;194,5;325;1,63;50,4;52,0;0,005179999861866236;0,056
sem_barragem;65;195,0;326;1,02;48,7;49,7;0,005369999911636114;0,045
sem_barragem;66;199,8;333;0,7;42,7;43,4;0,10350000113248825;0,067
sem_barragem;67;201,7;336;1,57;39,4;40,9;0,003869999898597598;0,062
sem_barragem;68;204,9;340;0,86;37,0;37,8;0,026340000331401825;0,066
sem_barragem;69;205,2;341;0,53;36,0;36,5;0,02751999907195568;0,067
sem_barragem;70;205,5;341;0,5;30,0;30,5;0,02597000077366829;0,055
sem_barragem;71;206,4;342;1,22;101,5;102,7;0,05349000170826912;0,063
sem_barragem;72;207,3;344;0,47;35,6;36,1;0,07216999679803848;0,062
sem_barragem;73;207,9;344;0,56;97,1;97,7;0,07537999749183655;0,065
sem_barragem;74;208,8;346;0,53;21,8;22,4;0,06937000155448914;0,059
sem_barragem;75;210,3;348;0,61;16,4;17,0;0,06994999945163727;0,065
sem_barragem;76;210,6;348;0,35;33,7;34,1;0,0684100016951561;0,068
sem_barragem;77;210,8;348;0,55;22,0;22,5;0,06606999784708023;0,061
sem_barragem;78;211,2;349;0,88;21,0;21,9;0,018959999084472656;0,064
sem_barragem;79;211,9;350;1,34;20,2;21,5;0,01785999909043312;0,065
sem_barragem;80;212,2;350;1,24;15,7;16,9;0,019780000671744347;0,066
sem_barragem;81;213,5;352;1,34;30,9;32,2;0,012810000218451023;0,064
sem_barragem;82;214,1;353;2,61;26,5;29,1;0,00570000009611249;0,068
sem_barragem;83;215,0;354;0,82;23,9;24,7;0,008390000090003014;0,064
sem_barragem;84;216,4;356;2,17;25,0;27,2;0,008559999987483025;0,062
sem_barragem;85;217,2;357;0,17;25,1;25,3;0,06443999707698822;0,064
sem_barragem;86;218,5;359;0,78;86,3;87,0;0,05770999938249588;0,068
sem_barragem;87;221,3;363;0,28;26,4;26,7;0,08189000189304352;0,064
sem_barragem;88;221,7;364;0,94;87,5;88,5;0,04816000163555145;0,06
sem_barragem;89;222,4;365;0,55;84,2;84,7;0,056620001792907715;0,06
sem_barragem;90;223,7;366;0,72;74,4;75,1;0,05697000026702881;0,052
sem_barragem;91;224,7;368;0,63;81,3;81,9;0,042490001767873764;0,061
sem_barragem;92;225,4;369;1,15;88,5;89,7;0,05671999976038933;0,065
sem_barragem;93;226,3;370;0,48;88,1;88,6;0,05610999837517738;0,065
sem_barragem;94;227,1;371;0,35;41,8;42,1;0,054409999400377274;0,053
sem_barragem;95;227,8;372;0,84;43,0;43,8;0,03798000141978264;0,061
sem_barragem;96;228,5;373;1,0;42,0;43,0;0,05414000153541565;0,057
sem_barragem;97;230,9;376;0,57;92,7;93,3;0,06923999637365341;0,067
sem_barragem;98;233,4;380;0,45;19,8;20,2;0,021570000797510147;0,067
sem_barragem;99;235,0;382;1,74;17,7;19,4;0,007930000312626362;0,065
sem_barragem;100;235,2;382;0,82;17,3;18,1;0,06718999892473221;0,06
sem_barragem;101;236,1;384;0,43;40,7;41,1;0,061969999223947525;0,062
sem_barragem;102;237,8;386;1,05;39,2;40,2;0,018039999529719353;0,059
sem_barragem;103;238,4;387;0,41;38,2;38,7;0,0635799989104271;0,068
sem_barragem;104;238,7;387;0,83;16,8;17,6;0,02223999984562397;0,064
sem_barragem;105;239,7;389;1,13;21,9;23,1;0,008500000461935997;0,056
sem_barragem;106;240,9;390;0,72;23,3;24,0;0,06312999874353409;0,067
sem_barragem;107;242,0;392;1,09;77,1;78,2;0,05708000063896179;0,064
sem_barragem;108;243,3;394;0,78;36,9;37,7;0,018519999459385872;0,064
sem_barragem;109;244,1;395;0,94;76,3;77,3;0,0369499996304512;0,06
sem_barragem;110;245,4;396;0,14;73,0;73,1;0,047540001571178436;0,061
sem_barragem;111;249,1;402;1,53;20,8;22,3;0,01648000068962574;0,064
sem_barragem;112;250,5;403;0,67;34,0;34,7;0,015309999696910381;0,057
sem_barragem;113;250,7;404;0,82;32,4;33,2;0,013819999992847443;0,057
sem_barragem;114;251,8;405;1,27;18,9;20,1;0,004879999905824661;0,058
sem_barragem;115;253,4;407;1,73;16,8;18,6;0,004720000084489584;0,062
sem_barragem;116;254,8;409;8,59;13,5;22,1;0,0001900000061141327;0,064
sem_barragem;117;254,9;409;0,99;13,5;14,5;0,02387000061571598;0,067
sem_barragem;118;257,3;413;0,61;69,9;70,5;0,027370000258088112;0,058
sem_barragem;119;258,7;415;0,52;67,1;67,6;0,03457000106573105;0,066
sem_barragem;120;259,4;416;0,44;41,0;41,5;0,047600001096725464;0,067
sem_barragem;121;259,8;416;0,54;40,6;41,1;0,008709999732673168;0,043
sem_barragem;122;260,9;418;1,47;37,9;39,3;0,002580000087618828;0,054
sem_barragem;123;262,5;420;0,5;50,9;51,4;0,056299999356269836;0,067
sem_barragem;124;263,5;421;0,61;64,5;65,1;0,04628000035881996;0,067
sem_barragem;125;273,3;434;0,57;14,8;15,4;0,1300400048494339;0,06
sem_barragem;126;274,6;436;0,24;13,2;13,4;0,13387000560760498;0,068
sem_barragem;127;275,8;438;0,81;79,9;80,7;0,13102999329566956;0,056
sem_barragem;128;277,3;440;0,11;137,5;137,6;0,12783999741077423;0,038
sem_barragem;129;278,3;441;0,72;13,1;13,9;0,007739999797195196;0,067
sem_barragem;130;284,3;449;0,3;131,5;131,8;0,11123000085353851;0,062
sem_barragem;131;285,6;451;0,22;58,8;59,0;0,1132500022649765;0,065
sem_barragem;132;286,6;452;0,35;36,1;36,5;0,11455000191926956;0,051
sem_barragem;133;287,3;453;0,94;36,6;37,6;0,041030000895261765;0,065
sem_barragem;134;287,9;454;0,54;34,5;35,0;0,04416999965906143;0,047
sem_barragem;135;288,2;454;0,39;22,2;22,6;0,11112000048160553;0,048
sem_barragem;136;288,3;455;1,2;7,7;8,9;0,10761000216007233;0,057
sem_barragem;137;289,5;456;0,53;115,6;116,1;0,1080000028014183;0,058
sem_barragem;138;291,1;458;0,35;36,8;37,1;0,09043999761343002;0,066
sem_barragem;139;291,8;459;1,26;62,0;63,3;0,0919099971652031;0,063
sem_barragem;140;293,2;461;1,22;61,0;62,2;0,04510999843478203;0,062
sem_barragem;141;294,4;463;1,35;12,1;13,5;0,00394000019878149;0,06
sem_barragem;142;295,2;464;1,04;13,3;14,3;0,09160999953746796;0,065
sem_barragem;143;296,9;466;0,27;35,6;35,9;0,022579999640583992;0,061
sem_barragem;144;297,8;467;0,83;57,5;58,3;0,09470999985933304;0,068
sem_barragem;145;298,9;469;0,84;7,6;8,4;0,04562000185251236;0,062
sem_barragem;146;300,4;471;2,68;54,2;56,9;0,007280000019818544;0,063
sem_barragem;147;301,2;472;0,18;13,9;14,1;0,09176000207662582;0,059
sem_barragem;148;301,5;472;0,86;78,1;79,0;0,09307000041007996;0,058
sem_barragem;149;304,4;476;0,35;106,7;107,0;0,09401000291109085;0,062
sem_barragem;150;304,9;477;0,67;8,9;9,6;0,08596000075340271;0,047
sem_barragem;151;305,4;477;1,98;97,7;99,7;0,08183000236749649;0,067
sem_barragem;152;306,1;478;0,76;6,8;7,6;0,08083000034093857;0,06
sem_barragem;153;307,0;479;0,77;11,5;12,3;0,07761000096797943;0,067
sem_barragem;154;309,8;483;1,71;50,5;52,2;0,04236999899148941;0,066
sem_barragem;155;310,7;484;0,69;11,2;11,9;0,03931000083684921;0,064
sem_barragem;156;311,3;485;0,95;11,3;12,2;0,03590000048279762;0,058
sem_barragem;157;312,0;486;1,64;25,5;27,2;0,039500001817941666;0,064
sem_barragem;158;315,7;491;1,84;40,5;42,4;0,010579999536275864;0,065
sem_barragem;159;318,1;494;2,38;39,0;41,3;0,012659999541938305;0,066
sem_barragem;160;320,9;498;2,52;36,5;39,0;0,0043299999088048935;0,063
sem_barragem;161;322,3;500;2,2;33,5;35,7;0,004360000137239695;0,059
sem_barragem;162;328,2;507;0,67;4,6;5,3;0,022709999233484268;0,067
sem_barragem;163;329,7;509;2,05;3,1;5,1;0,0013699999544769526;0,054
sem_barragem;164;332,5;513;0,78;28,7;29,5;0,02353999949991703;0,062
sem_barragem;165;340,9;524;0,88;84,3;85,2;0,0727199986577034;0,069
sem_barragem;166;343,0;527;1,57;4,6;6,2;0,00419999985024333;0,068
sem_barragem;167;343,6;528;1,51;2,4;3,9;0,004279999993741512;0,056
sem_barragem;168;344,1;528;10,13;2,0;12,1;0,0001;0,064
sem_barragem;169;344,1;528;21,97;2,0;24,0;0,0001;0,056
sem_barragem;171;344,1;528;11,77;2,0;13,8;0,0001;0,045
sem_barragem;177;344,3;529;10,17;1,5;11,7;0,0001;0,058
sem_barragem;178;344,4;529;23,18;1,5;24,7;0,0001;0,062
sem_barragem;179;344,4;529;19,01;1,5;20,5;0,0001;0,056
sem_barragem;180;344,4;529;20,93;1,5;22,4;0,0001;0,05
sem_barragem;181;344,4;529;25,93;1,5;27,4;0,0001;0,047
sem_barragem;191;348,5;534;0,57;1,5;2,1;0,027480000630021095;0,068
sem_barragem;192;353,9;541;1,94;31,9;33,9;0,001449999981559813;0,038
sem_barragem;193;359,9;549;0,55;77,3;77,8;0,07337000221014023;0,065
sem_barragem;194;363,1;553;1,03;27,8;28,8;0,04583999887108803;0,064
sem_barragem;195;368,5;560;0,6;31,7;32,3;0,009829999879002571;0,066
sem_barragem;196;369,0;561;2,14;30,7;32,9;0,001449999981559813;0,068
sem_barragem;197;370,0;562;1,23;30,1;31,4;0,001129999989643693;0,048
sem_barragem;198;376,5;570;1,09;28,9;30,0;0,0419900007545948;0,067
sem_barragem;199;377,0;571;2,15;29,1;31,3;0,0014799999771639705;0,067
sem_barragem;200;377,6;572;0,61;29,0;29,6;0,04416999965906143;0,054
sem_barragem;201;378,3;573;0,88;73,0;73,8;0,04422000050544739;0,06
sem_barragem;202;380,1;575;1,64;28,3;29,9;0,03886999934911728;0,067
sem_barragem;203;382,6;578;2,28;71,7;74,0;0,006430000066757202;0,063
sem_barragem;204;387,1;584;3,17;68,3;71,4;0,002580000087618828;0,065
sem_barragem;205;390,3;588;1,27;66,3;67,6;0,019670000299811363;0,067
sem_barragem;206;390,8;589;1,88;62,6;64,5;0,01779000088572502;0,061
sem_barragem;207;392,5;591;0,99;60,1;61,1;0,018309999257326126;0,061
sem_barragem;208;393,7;592;1,03;59,8;60,8;0,029519999399781227;0,067
sem_barragem;209;395,0;594;1,52;42,5;44,0;0,027639999985694885;0,064
sem_barragem;210;395,8;595;0,64;65,4;66,1;0,05663999915122986;0,06
sem_barragem;211;396,7;596;1,0;40,5;41,5;0,053860001266002655;0,064
sem_barragem;212;397,2;597;0,6;28,1;28,7;0,012760000303387642;0,045
sem_barragem;213;397,7;598;0,73;39,6;40,4;0,05519000068306923;0,062
sem_barragem;214;398,4;598;1,05;57,7;58,8;0,05415000021457672;0,057
sem_barragem;215;399,0;599;1,2;57,4;58,6;0,04230000078678131;0,066
sem_barragem;216;402,6;604;2,39;39,0;41,4;0,04228999838232994;0,066
sem_barragem;217;403,6;605;2,17;37,9;40,0;0,043529998511075974;0,067
sem_barragem;218;404,4;606;1,05;35,5;36,5;0,04789000004529953;0,067
sem_barragem;219;405,2;607;1,42;73,5;74,9;0,04741999879479408;0,065
sem_barragem;220;411,0;615;2,09;53,8;55,9;0,035610001534223557;0,067
sem_barragem;221;411,7;615;2,07;70,9;73,0;0,03589000180363655;0,062
sem_barragem;222;413,0;617;2,19;34,5;36,7;0,03246000036597252;0,066
sem_barragem;223;414,2;619;2,31;31,5;33,8;0,03375000134110451;0,067
sem_barragem;224;416,8;622;1,37;32,4;33,8;0,03438999876379967;0,063
sem_barragem;225;421,0;627;0,66;42,8;43,5;0,03674999997019768;0,069
sem_barragem;226;424,4;632;0,38;25,0;25,4;0,04574999958276749;0,067
sem_barragem;227;425,6;633;0,66;24,1;24,8;0,04495000094175339;0,055
sem_barragem;228;426,4;634;1,51;60,3;61,8;0,037289999425411224;0,061
sem_barragem;229;427,2;635;0,69;28,4;29,1;0,028620000928640366;0,063
sem_barragem;230;428,4;637;1,18;50,3;51,5;0,02377999946475029;0,062
sem_barragem;231;430,0;639;0,61;23,1;23,7;0,041099999099969864;0,063
sem_barragem;232;431,1;640;0,81;26,5;27,3;0,04140999913215637;0,06
sem_barragem;233;433,7;643;1,08;25,7;26,8;0,03172000125050545;0,063
sem_barragem;234;434,2;644;2,08;53,3;55,4;0,029850000515580177;0,062
sem_barragem;235;436,3;647;2,8;51,8;54,6;0,005539999809116125;0,063
sem_barragem;236;438,6;649;1,18;49,3;50,5;0,025709999725222588;0,063
sem_barragem;237;443,9;656;0,53;25,3;25,8;0,022530000656843185;0,065
sem_barragem;238;450,6;664;0,41;24,8;25,2;0,005280000157654285;0,061
sem_barragem;239;453,2;668;1,41;23,3;24,7;0,006130000110715628;0,067
sem_barragem;240;454,0;669;1,78;21,9;23,7;0,004610000178217888;0,046
sem_barragem;241;454,6;670;5,56;24,0;29,6;0,0042500002309679985;0,069
sem_barragem;242;456,0;671;5,03;21,8;26,8;0,003930000122636557;0,069
sem_barragem;243;463,4;680;0,31;24,2;24,5;0,00812000036239624;0,061
sem_barragem;244;463,4;681;5,55;22,6;28,1;0,0022899999748915434;0,035
sem_barragem;245;476,5;697;0,82;36,0;36,8;0,025210000574588776;0,066
sem_barragem;246;481,0;702;2,66;45,5;48,2;0,004780000075697899;0,065
sem_barragem;247;487,0;710;1,01;23,1;24,1;0,02191999927163124;0,068
sem_barragem;248;488,5;712;1,25;19,9;21,1;0,021209999918937683;0,068
sem_barragem;249;488,9;712;1,35;23,1;24,4;0,021159999072551727;0,05
sem_barragem;250;489,2;713;1,33;25,3;26,7;0,020959999412298203;0,067
sem_barragem;251;493,0;717;4,83;40,5;45,3;0,0013099999632686377;0,065
sem_barragem;252;494,1;719;0,24;39,0;39,2;0,013849999755620956;0,059
sem_barragem;253;501,8;728;2,17;23,1;25,2;0,00431999983265996;0,065
sem_barragem;254;504,6;732;1,48;19,4;20,9;0,0188400000333786;0,068
sem_barragem;255;506,2;734;2,36;38,0;40,4;0,017340000718832016;0,066
sem_barragem;256;508,8;737;3,76;36,4;40,1;0,001560000004246831;0,067
sem_barragem;257;510,0;738;3,27;34,5;37,8;0,00203000009059906;0,067
sem_barragem;258;513,9;743;1,74;32,0;33,7;0,013770000077784061;0,068
sem_barragem;259;516,7;746;1,02;16,6;17,6;0,014379999600350857;0,062
sem_barragem;260;517,7;748;2,08;30,5;32,6;0,015110000036656857;0,063
sem_barragem;261;518,3;749;0,91;29,5;30,4;0,012539999559521675;0,057
sem_barragem;262;519,1;749;2,12;29,5;31,6;0,013030000030994415;0,06
sem_barragem;263;522,8;754;0,69;29,0;29,7;0,029529999941587448;0,062
sem_barragem;264;528,2;761;1,38;40,0;41,4;0,030009999871253967;0,066
sem_barragem;265;529,7;762;1,13;39,7;40,9;0,024800000712275505;0,051
sem_barragem;266;530,3;763;1,67;14,9;16,5;0,0028899998869746923;0,043
sem_barragem;267;531,0;764;1,17;25,2;26,4;0,024390000849962234;0,058
sem_barragem;268;531,7;765;1,34;14,8;16,2;0,02092999964952469;0,052
sem_barragem;269;531,9;765;3,55;33,0;36,6;0,022059999406337738;0,066
sem_barragem;270;535,4;769;1,92;29,7;31,6;0,017629999667406082;0,069
sem_barragem;271;538,9;774;3,36;31,5;34,9;0,0033199999015778303;0,069
sem_barragem;272;542,4;778;4,03;28,5;32,5;0,0017099999822676182;0,068
sem_barragem;273;546,7;783;3,23;28,4;31,6;0,0029800001066178083;0,067
sem_barragem;274;549,3;786;3,92;26,9;30,8;0,004399999976158142;0,068
sem_barragem;275;550,3;788;3,24;24,4;27,6;0,003220000071451068;0,066
sem_barragem;276;552,6;790;3,65;21,5;25,1;0,0021200000774115324;0,065
sem_barragem;277;562,4;802;4,96;20,0;25,0;0,002689999993890524;0,07
sem_barragem;278;565,3;806;2,53;19,0;21,5;0,002630000002682209;0,07
sem_barragem;279;570,9;813;5,87;17,5;23,4;0,0013099999632686377;0,069
sem_barragem;280;572,1;814;4,8;16,5;21,3;0,001610000035725534;0,068
sem_barragem;281;575,0;818;4,53;15,5;20,0;0,0015200000489130616;0,066
sem_barragem;282;576,5;819;7,29;14,0;21,3;0,0007200000109151006;0,068
sem_barragem;283;581,1;825;0,79;21,3;22,1;0,009499999694526196;0,065
sem_barragem;284;582,3;826;5,95;20,3;26,2;0,0010000000474974513;0,047
sem_barragem;285;596,6;843;1,11;20,0;21,1;0,001769999973475933;0,064
sem_barragem;286;605,7;854;0,34;20,7;21,0;0,19077999889850616;0,06
sem_barragem;287;608,0;857;4,92;232,0;236,9;0,003930000122636557;0,061
sem_barragem;288;610,3;860;5,22;228,1;233,3;0,002689999993890524;0,06
sem_barragem;289;614,4;865;0,75;17,6;18,4;0,18306000530719757;0,065
sem_barragem;290;616,6;868;2,72;15,5;18,2;0,0015399999683722854;0,06
sem_barragem;291;618,5;870;1,03;221,2;222,3;0,18336999416351318;0,052
sem_barragem;292;620,2;872;0,29;217,0;217,3;0,17831000685691833;0,063
sem_barragem;293;626,2;879;1,7;14,1;15,8;0,001979999942705035;0,046
sem_barragem;294;627,1;880;2,17;12,6;14,8;0,002360000042244792;0,035
sem_barragem;295;633,1;887;2,21;11,0;13,2;0,00215000007301569;0,063
sem_barragem;296;640,7;896;1,22;10,8;12,0;0,002300000051036477;0,061
sem_barragem;297;642,8;899;0,9;10,5;11,4;0,002240000059828162;0,038
sem_barragem;298;645,0;901;0,46;9,7;10,2;0,15000000596046448;0,048
sem_barragem;299;647,9;905;0,12;178,5;178,6;0,15015000104904175;0,063
sem_barragem;300;657,7;916;1,67;171,0;172,7;0,14860999584197998;0,064
sem_barragem;301;666,1;926;5,5;165,6;171,1;0,007089999970048666;0,064
sem_barragem;302;668,2;929;4,91;161,0;165,9;0,006279999855905771;0,064
sem_barragem;303;669,2;930;5,41;154,5;159,9;0,004360000137239695;0,061
sem_barragem;304;676,2;938;5,02;151,5;156,6;0,0040799998678267;0,061
sem_barragem;305;685,2;949;1,17;14,0;15,1;0,12264999747276306;0,069
sem_barragem;306;686,5;950;2,14;12,1;14,2;0,002219999907538295;0,051
sem_barragem;307;688,9;953;0,95;11,7;12,6;0,004769999999552965;0,043
sem_barragem;308;691,7;957;0,62;10,6;11,3;0,11992999911308289;0,067
sem_barragem;309;692,6;958;0,91;136,0;136,9;0,11527000367641449;0,047
sem_barragem;310;694,5;960;0,76;9,8;10,5;0,11034999787807465;0,053
sem_barragem;311;695,3;961;5,48;131,0;136,5;0,004360000137239695;0,064
sem_barragem;312;697,6;963;0,74;123,9;124,6;0,10385999828577042;0,053
sem_barragem;313;698,4;964;0,51;9,2;9,7;0,09872999787330627;0,043
sem_barragem;314;699,8;966;1,32;39,0;40,3;0,03189999982714653;0,05
sem_barragem;315;701,5;968;1,59;115,0;116,6;0,09855999797582626;0,058
sem_barragem;316;702,6;969;5,17;110,5;115,7;0,00865000020712614;0,065
sem_barragem;317;704,5;972;0,5;105,5;106,0;0,08844000101089478;0,052
sem_barragem;318;718,1;987;2,89;38,5;41,4;0,06255999952554703;0,067
sem_barragem;319;719,0;989;2,53;102,0;104,5;0,0580499991774559;0,065
sem_barragem;320;719,8;989;3,02;69,1;72,1;0,05796999856829643;0,065
sem_barragem;321;724,6;995;3,11;98,5;101,6;0,055810000747442245;0,066
sem_barragem;322;728,4;999;4,84;37,0;41,8;0,0012499999720603228;0,067
sem_barragem;323;746,6;1021;1,76;36,2;37,9;0,1558299958705902;0,066
sem_barragem;324;746,9;1021;2,5;96,5;99,0;0,05592000111937523;0,063
sem_barragem;325;747,9;1022;2,46;35,5;38,0;0,0522099994122982;0,064
sem_barragem;326;748,4;1023;4,71;35,0;39,7;0,0008500000112690032;0,059
sem_barragem;327;748,9;1023;2,14;90,5;92,6;0,05150999873876572;0,059
sem_barragem;328;752,5;1027;4,66;88,0;92,7;0,004699999932199717;0,063
sem_barragem;329;754,9;1030;2,51;82,5;85,0;0,043209999799728394;0,065
sem_barragem;330;755,2;1031;2,46;34,5;37,0;0,0025599999353289604;0,05
sem_barragem;331;771,6;1050;0,92;57,2;58,1;0,04758000001311302;0,067
sem_barragem;332;772,0;1050;3,54;29,7;33,3;0,04706000164151192;0,063
sem_barragem;333;772,9;1051;2,88;29,1;32,0;0,04540000110864639;0,067
sem_barragem;334;773,7;1052;3,17;76,5;79,7;0,04458000138401985;0,065
sem_barragem;335;775,3;1054;2,69;74,5;77,2;0,043529998511075974;0,065
sem_barragem;336;778,4;1058;2,22;209,5;211,7;0,123089998960495;0,067
sem_barragem;337;779,5;1059;1,83;207,0;208,8;0,12076999992132187;0,066
sem_barragem;338;791,2;1072;6,04;70,5;76,5;0,0033199999015778303;0,065
sem_barragem;339;792,5;1074;2,88;67,0;69,9;0,03824999928474426;0,068
sem_barragem;340;794,4;1076;4,47;27,2;31,7;0,0012700000079348683;0,059
sem_barragem;341;813,9;1098;5,53;203,5;209,0;0,003490000031888485;0,066
sem_barragem;342;820,8;1106;7,15;199,5;206,7;0,003060000017285347;0,065
sem_barragem;343;822,5;1108;5,64;195,5;201,1;0,0038900000508874655;0,063
sem_barragem;344;824,4;1110;5,62;191,0;196,6;0,004310000222176313;0,064
sem_barragem;345;834,9;1122;6,96;187,0;194,0;0,0026199999265372753;0,065
sem_barragem;346;850,5;1140;2,01;183,2;185,3;0,1392499953508377;0,067
sem_barragem;347;861,4;1153;1,21;27,4;28,6;0,1370600014925003;0,052
sem_barragem;348;865,8;1158;6,35;179,5;185,9;0,003930000122636557;0,062
sem_barragem;349;867,9;1160;7,03;175,5;182,5;0,003490000031888485;0,063
sem_barragem;350;872,6;1165;7,47;171,8;179,2;0,0034000000450760126;0,064
sem_barragem;351;874,0;1167;6,58;168,0;174,6;0,003060000017285347;0,059
sem_barragem;352;877,4;1171;1,77;26,0;27,8;0,12266000360250473;0,066
sem_barragem;353;881,0;1175;2,59;26,3;28,9;0,0017399999778717756;0,064
sem_barragem;354;886,9;1182;3,9;25,0;28,9;0,00203999993391335;0,058
sem_barragem;355;887,8;1183;1,63;24,9;26,6;0,12473999708890915;0,053
sem_barragem;356;891,9;1187;0,56;162,5;163,1;0,123089998960495;0,046
sem_barragem;357;907,3;1205;2,97;23,0;26,0;0,0011599999852478504;0,038
sem_barragem;358;907,9;1205;4,1;22,5;26,6;0,00215999991632998;0,041
sem_barragem;359;908,9;1206;3,19;22,0;25,2;0,0012000000569969416;0,039
sem_barragem;360;930,4;1231;1,03;160,5;161,5;0,12281999737024307;0,052
sem_barragem;361;935,0;1236;5,28;158,0;163,3;0,004339999984949827;0,06
sem_barragem;362;936,5;1238;4,04;156,5;160,5;0,008310000412166119;0,056
sem_barragem;363;938,1;1239;6,36;148,0;154,4;0,003930000122636557;0,061
sem_barragem;364;940,1;1242;5,9;144,5;150,4;0,003490000031888485;0,059
sem_barragem;365;949,8;1252;6,1;141,2;147,4;0,0026199999265372753;0,06
sem_barragem;366;953,0;1256;5,5;137,2;142,7;0,003490000031888485;0,06
sem_barragem;367;954,5;1258;6,22;133,5;139,7;0,003490000031888485;0,062
sem_barragem;368;986,1;1293;2,06;21,2;23,2;0,0008299999753944576;0,066
sem_barragem;369;997,5;1306;1,55;20,9;22,5;0,001820000004954636;0,04
sem_barragem;370;1006,4;1316;2,27;19,7;22,0;0,002520000096410513;0,066
sem_barragem;371;1008,7;1318;1,61;19,1;20,7;0,0019600000232458115;0,047
sem_barragem;372;1030,5;1342;1,33;18,7;20,0;0,0017500000540167093;0,066
sem_barragem;373;1063,1;1378;1,9;17,5;19,4;0,003019999945536256;0,063
sem_barragem;374;1067,2;1383;4,05;16,6;20,7;0,0010100000072270632;0,041
sem_barragem;375;1101,4;1420;4,46;130,0;134,5;0,10051999986171722;0,068
sem_barragem;376;1111,0;1431;7,14;128,0;135,1;0,0021800000686198473;0,064
sem_barragem;377;1128,6;1450;7,44;125,5;132,9;0,0017500000540167093;0,062
sem_barragem;378;1131,0;1453;5,99;123,2;129,2;0,003490000031888485;0,061
sem_barragem;379;1135,5;1458;6,73;119,5;126,2;0,0023300000466406345;0,063
sem_barragem;380;1136,8;1459;5,82;116,9;122,8;0,002689999993890524;0,063
sem_barragem;381;1144,1;1467;6,35;113,0;119,3;0,0029899999499320984;0,062
sem_barragem;382;1147,1;1470;6,5;109,5;116,0;0,003060000017285347;0,062
sem_barragem;383;1147,8;1471;5,91;106,5;112,4;0,003010000102221966;0,058
sem_barragem;384;1149,2;1473;6,76;103,0;109,8;0,003019999945536256;0,061
sem_barragem;385;1193,2;1520;15,67;101,2;116,9;0,0004400000034365803;0,068
sem_barragem;386;1217,1;1546;6,01;99,5;105,5;0,003060000017285347;0,06
sem_barragem;387;1220,1;1550;8,77;96,0;104,8;0,0021800000686198473;0,064
sem_barragem;388;1222,7;1552;8,43;93,0;101,4;0,0021800000686198473;0,065
sem_barragem;389;1229,4;1560;9,79;90,5;100,3;0,0017500000540167093;0,064
sem_barragem;390;1245,1;1577;8,25;88,0;96,3;0,0021800000686198473;0,064
sem_barragem;391;1246,8;1578;6,98;85,5;92,5;0,0021800000686198473;0,061
sem_barragem;392;1266,4;1599;8,79;83,0;91,8;0,0013099999632686377;0,066
sem_barragem;393;1267,3;1600;9,04;82,0;91,0;0,0017500000540167093;0,065
sem_barragem;394;1272,8;1606;6,74;79,5;86,2;0,0027199999894946814;0,063
sem_barragem;395;1274,5;1608;6,29;76,5;82,8;0,002580000087618828;0,062
sem_barragem;396;1275,8;1609;7,7;73,5;81,2;0,0021800000686198473;0,065
sem_barragem;397;1276,7;1610;7,06;71,5;78,6;0,0021800000686198473;0,063
sem_barragem;398;1282,9;1617;7,72;69,0;76,7;0,0017500000540167093;0,064
sem_barragem;399;1302,3;1638;12,51;67,5;80,0;0,0008699999889358878;0,062
sem_barragem;405;1842,7;2200;12,75;66,5;79,3;0,0017500000540167093;0,063
sem_barragem;406;2076,6;2435;10,04;64,0;74,0;0,0013099999632686377;0,066
sem_barragem;407;2079,5;2438;11,28;63,0;74,3;0,0010000000474974513;0,062
sem_barragem;408;2084,9;2443;8,34;62,5;70,8;0,0009399999980814755;0,063
sem_barragem;409;2086,5;2445;6,07;60,0;66,1;0,003000000026077032;0,064
sem_barragem;410;2092,1;2451;8,95;57,5;66,5;0,0017500000540167093;0,064
sem_barragem;411;2094,8;2453;7,3;55,5;62,8;0,0016499999910593033;0,067
sem_barragem;412;2149,8;2508;10,3;54,0;64,3;0,0008699999889358878;0,067
sem_barragem;413;2151,8;2510;8,95;53,0;62,0;0,0012799999676644802;0,065
sem_barragem;414;2179,3;2537;8,11;51,0;59,1;0,0021800000686198473;0,066
sem_barragem;415;2181,8;2540;7,27;49,4;56,6;0,002099999925121665;0,067
sem_barragem;416;2186,0;2544;10,67;47,5;58,2;0,0017399999778717756;0,067
sem_barragem;417;2188,0;2546;10,25;46,0;56,2;0,0012199999764561653;0,067
sem_barragem;418;2189,4;2547;10,72;44,5;55,2;0,0013099999632686377;0,068
sem_barragem;419;2199,9;2557;9,17;43,0;52,2;0,0013099999632686377;0,067
sem_barragem;420;2202,7;2560;9,35;41,5;50,8;0,0013099999632686377;0,067
sem_barragem;421;2204,2;2562;9,42;40,0;49,4;0,0012700000079348683;0,066
sem_barragem;422;2226,9;2584;7,74;39,2;47,0;0,0010900000343099236;0,069
sem_barragem;423;2228,5;2586;7,66;38,0;45,6;0,0017300000181421638;0,067
sem_barragem;424;2230,5;2588;9,79;36,5;46,3;0,0008699999889358878;0,058
sem_barragem;425;2277,1;2634;23,95;57,0;81,0;0,0008699999889358878;0,061
sem_barragem;426;2291,2;2647;14,86;56,0;70,9;0,001290000043809414;0,063
sem_barragem;427;2303,1;2659;8,24;35,0;43,2;0,0017399999778717756;0,069
sem_barragem;428;2305,3;2661;7,49;34,5;42,0;0,0016899999463930726;0,066
sem_barragem;429;2306,5;2662;9,15;32,0;41,1;0,0007900000200606883;0,061
sem_barragem;430;2318,5;2674;12,73;31,5;44,2;0,0001;0,07
sem_barragem;431;2330,5;2686;8,36;31,0;39,4;0,0017500000540167093;0,067
sem_barragem;432;2338,2;2694;8,18;28,5;36,7;0,0025100000202655792;0,068
sem_barragem;433;2340,8;2696;10,18;26,0;36,2;0,001560000004246831;0,066
sem_barragem;434;2345,5;2701;10,49;26,0;36,5;0,0006699999794363976;0,069
sem_barragem;435;2347,6;2703;8,43;26,0;34,4;0,0008200000156648457;0,065
sem_barragem;436;2349,8;2705;8,2;24,5;32,7;0,003659999929368496;0,064
sem_barragem;437;2356,1;2711;8,69;20,5;29,2;0,0026199999265372753;0,069
sem_barragem;439;2432,4;2785;11,66;54,0;65,7;0,0017500000540167093;0,068
sem_barragem;440;2433,9;2787;11,75;52,0;63,8;0,0017500000540167093;0,064
sem_barragem;441;2436,9;2790;12,48;50,0;62,5;0,0017500000540167093;0,066
sem_barragem;442;2454,0;2807;11,54;48,0;59,5;0,0017500000540167093;0,066
sem_barragem;443;2462,6;2815;11,75;46,0;57,7;0,0017500000540167093;0,065
sem_barragem;444;2468,4;2820;11,17;43,5;54,7;0,0021800000686198473;0,067
sem_barragem;445;2474,2;2826;9,82;41,2;51,1;0,0021800000686198473;0,065
sem_barragem;446;2476,5;2828;11,76;38,5;50,3;0,0021800000686198473;0,066
sem_barragem;447;2483,4;2835;17,31;37,0;54,3;0,0004400000034365803;0,067
sem_barragem;448;2485,3;2837;17,02;36,5;53,5;0,0004400000034365803;0,068
sem_barragem;449;2487,9;2839;19,28;36,5;55,8;0,0001;0,068
sem_barragem;451;2568,4;2917;17,22;66,5;83,7;0,0008699999889358878;0,064
sem_barragem;454;2715,9;3059;26,16;19,5;45,7;0,0001;0,067
sem_barragem;455;2815,9;3155;10,98;18,2;29,2;0,002400000113993883;0,067
sem_barragem;456;2817,6;3156;10,4;15,0;25,4;0,0013099999632686377;0,068
sem_barragem;457;2834,2;3172;12,94;15,0;27,9;0,0005799999926239252;0,069
sem_barragem;458;2836,9;3175;9,08;15,0;24,1;0,0008500000112690032;0,067
sem_barragem;459;2838,1;3176;12,16;15,0;27,2;0,001019999966956675;0,066
sem_barragem;460;2841,3;3179;14,15;14,5;28,6;0,0003100000030826777;0,069
sem_barragem;461;2843,3;3181;16,93;14,5;31,4;0,0001;0,067
sem_barragem;463;12626,1;11294;22,93;72,5;95,4;0,0004199999966658652;0,068
sem_barragem;464;12776,0;11408;10,88;72,5;83,4;0,004389999900013208;0,055
sem_barragem;465;12802,2;11428;19,45;67,0;86,4;0,0007300000288523734;0,056
sem_barragem;466;12803,1;11428;18,21;66,5;84,7;0,0007099999929778278;0,061
sem_barragem;467;12825,5;11445;13,96;66,0;80,0;0,0011899999808520079;0,055
sem_barragem;468;15398,1;13370;13,6;62,0;75,6;0,003060000017285347;0,059
sem_barragem;469;15413,3;13381;27,09;61,5;88,6;0,0001;0,056
sem_barragem;470;15418,1;13384;17,23;61,5;78,7;0,0007900000200606883;0,059
sem_barragem;471;15423,0;13388;20,17;61,0;81,2;0,0004400000034365803;0,058
sem_barragem;472;15432,4;13395;16,69;60,0;76,7;0,0008399999933317304;0,057
sem_barragem;473;15446,2;13405;26,19;59,5;85,7;0,0008699999889358878;0,062
sem_barragem;474;15448,8;13407;18,26;59,0;77,3;0,0004400000034365803;0,061
sem_barragem;475;15455,4;13412;17,66;58,5;76,2;0,0010400000028312206;0,059
sem_barragem;476;15457,3;13413;16,61;57,0;73,6;0,0011399999493733048;0,058
sem_barragem;477;15461,9;13417;17,81;56,0;73,8;0,0013099999632686377;0,059
sem_barragem;478;15685,0;13581;17,03;54,5;71,5;0,0008699999889358878;0,058
sem_barragem;479;15687,6;13583;20,77;53,0;73,8;0,0008699999889358878;0,061
sem_barragem;480;15688,8;13584;32,7;52,0;84,7;0,0013099999632686377;0,063
sem_barragem;481;15712,9;13602;12,6;50,5;63,1;0,0013599999947473407;0,064
sem_barragem;482;15722,2;13608;18,75;49,0;67,8;0,0008699999889358878;0,063
sem_barragem;483;15725,1;13610;29,44;49,0;78,4;0,0001;0,066
sem_barragem;484;15738,2;13620;17,24;49,0;66,2;0,0005699999746866524;0,062
sem_barragem;485;15744,9;13625;17,12;49,0;66,1;0,0007800000021234155;0,066
sem_barragem;486;15749,6;13628;22,18;49,0;71,2;0,0004400000034365803;0,061
sem_barragem;487;15755,5;13633;17,71;48,0;65,7;0,0008699999889358878;0,062
sem_barragem;488;15759,2;13636;18,57;47,0;65,6;0,0008699999889358878;0,061
sem_barragem;489;15760,9;13637;16,53;46,0;62,5;0,0008699999889358878;0,058
sem_barragem;490;15764,8;13640;15,71;45,0;60,7;0,0008699999889358878;0,059
sem_barragem;491;15828,6;13687;16,21;44,0;60,2;0,0012700000079348683;0,064
sem_barragem;492;15831,9;13689;16,35;43,0;59,4;0,0008699999889358878;0,059
sem_barragem;493;15837,1;13693;15,31;41,5;56,8;0,0008699999889358878;0,056
sem_barragem;494;15872,4;13719;16,21;40,0;56,2;0,0013099999632686377;0,064
sem_barragem;495;15874,2;13720;13,67;38,5;52,2;0,0013099999632686377;0,062
sem_barragem;496;15880,7;13725;22,03;37,5;59,5;0,0008699999889358878;0,062
sem_barragem;497;15881,1;13725;22,34;36,5;58,8;0,0004400000034365803;0,053
sem_barragem;498;18372,7;15535;18,84;35,6;54,4;0,0005699999746866524;0,058
sem_barragem;499;18378,4;15539;24,85;34,5;59,3;0,0004400000034365803;0,06
sem_barragem;500;18381,0;15541;18,18;34,0;52,2;0,0008699999889358878;0,06
sem_barragem;501;18385,5;15544;33,22;33,0;66,2;0,0008699999889358878;0,049
sem_barragem;502;18386,6;15545;16,48;32,5;49,0;0,0007999999797903001;0,061
sem_barragem;503;18389,9;15548;28,75;31,5;60,2;0,0004400000034365803;0,057
sem_barragem;504;18930,1;15935;25,22;31,0;56,2;0,0004400000034365803;0,068
sem_barragem;505;18959,7;15956;21,38;30,5;51,9;0,0004400000034365803;0,067
sem_barragem;506;18960,6;15957;19,66;30,0;49,7;0,0008699999889358878;0,063
sem_barragem;507;18967,2;15961;20,87;29,5;50,4;0,0005300000193528831;0,064
sem_barragem;508;19015,5;15996;20,25;29,0;49,3;0,0004400000034365803;0,069
sem_barragem;509;19066,8;16033;24,46;28,5;53,0;0,0004400000034365803;0,066
sem_barragem;510;19066,9;16033;16,73;28,0;44,7;0,0004400000034365803;0,065
sem_barragem;511;19076,4;16040;19,88;27,5;47,4;0,0005699999746866524;0,068
sem_barragem;512;19126,1;16075;17,0;27,0;44,0;0,00107999995816499;0,065
sem_barragem;513;19135,9;16082;23,57;26,5;50,1;0,0004400000034365803;0,065
sem_barragem;514;19173,7;16109;17,41;26,0;43,4;0,0007699999841861427;0,067
sem_barragem;515;19177,8;16112;38,04;25,5;63,5;0,0001;0,059
sem_barragem;516;19192,4;16122;17,59;25,0;42,6;0,0008699999889358878;0,068
sem_barragem;517;19196,7;16125;16,43;24,5;40,9;0,0004400000034365803;0,068
sem_barragem;518;19215,1;16139;19,24;24,0;43,2;0,0009899999713525176;0,059
sem_barragem;519;19220,7;16143;18,92;23,5;42,4;0,0004400000034365803;0,065
sem_barragem;520;19224,5;16145;17,59;22,5;40,1;0,0004400000034365803;0,068
sem_barragem;521;19228,8;16148;15,99;22,0;38,0;0,0008699999889358878;0,068
sem_barragem;522;19440,2;16299;16,71;21,5;38,2;0,0006600000197067857;0,067
sem_barragem;523;19443,2;16301;13,94;20,5;34,4;0,001120000029914081;0,065
sem_barragem;524;19446,0;16303;17,09;20,0;37,1;0,0008699999889358878;0,067
sem_barragem;525;19450,1;16306;17,25;19,5;36,8;0,0004400000034365803;0,068
sem_barragem;526;19460,1;16313;16,55;18,5;35,0;0,0004400000034365803;0,068
sem_barragem;527;19467,9;16319;18,75;18,0;36,7;0,0008699999889358878;0,059
sem_barragem;528;19468,8;16320;19,85;17,5;37,3;0,0007699999841861427;0,058
sem_barragem;529;19473,4;16323;18,7;16,5;35,2;0,0004400000034365803;0,067
sem_barragem;530;19478,3;16326;14,29;16,0;30,3;0,0011899999808520079;0,069
sem_barragem;531;19542,0;16372;14,47;15,5;30,0;0,000859999970998615;0,068
sem_barragem;532;19571,0;16392;20,95;14,5;35,4;0,0004400000034365803;0,068
sem_barragem;533;22416,9;18397;22,75;14,0;36,7;0,0005799999926239252;0,061
sem_barragem;534;22419,5;18399;22,77;14,0;36,8;0,0001;0,069
sem_barragem;535;22428,4;18406;28,29;14,0;42,3;0,0001;0,064
sem_barragem;536;22429,3;18406;31,57;14,0;45,6;0,0001;0,067
sem_barragem;537;22434,4;18410;31,73;14,0;45,7;0,0001;0,064
sem_barragem;538;22436,8;18411;15,56;14,0;29,6;0,0008299999753944576;0,067
sem_barragem;539;22440,5;18414;24,92;14,0;38,9;0,0001;0,064
sem_barragem;540;22442,7;18415;32,02;14,0;46,0;0,0001;0,068
sem_barragem;541;23029,8;18824;19,28;14,0;33,3;0,0001;0,069
sem_barragem;542;23085,5;18863;36,12;14,0;50,1;0,0001;0,053
sem_barragem;543;23088,1;18865;14,52;14,0;28,5;0,0007399999885819852;0,064
sem_barragem;544;23330,3;19033;17,23;13,5;30,7;0,0004400000034365803;0,061
sem_barragem;545;23340,2;19040;16,38;13,5;29,9;0,0002099999983329326;0,069
sem_barragem;546;23350,5;19047;18,5;13,5;32,0;0,0004299999854993075;0,063
sem_barragem;547;23350,9;19047;45,0;13,5;58,5;0,0001;0,044
sem_barragem;548;23614,7;19230;11,06;13,5;24,6;0,0004199999966658652;0,066
sem_barragem;549;23616,5;19231;15,2;13,5;28,7;0,0004299999854993075;0,063
sem_barragem;550;23619,1;19233;17,08;13,5;30,6;0,0001;0,06
sem_barragem;551;23620,8;19234;14,67;13,5;28,2;0,00031999999191612005;0,061
sem_barragem;552;23621,1;19234;18,57;13,5;32,1;0,0004400000034365803;0,055
sem_barragem;553;23622,5;19235;19,91;13,0;32,9;0,0001;0,061
sem_barragem;554;23623,3;19236;13,94;13,0;26,9;0,000859999970998615;0,053
sem_barragem;555;23623,8;19236;16,74;13,0;29,7;0,0008699999889358878;0,052
sem_barragem;556;23659,9;19261;5,98;9,8;15,7;0,00430000014603138;0,069
sem_barragem;557;23693,0;19284;24,52;8,0;32,5;0,0001;0,068
sem_barragem;558;23694,5;19285;21,64;8,0;29,6;0,0004400000034365803;0,059
sem_barragem;559;23696,5;19286;13,01;7,5;20,5;0,00033999999868683517;0,065
sem_barragem;560;23699,2;19288;11,87;7,5;19,4;0,0001;0,069
sem_barragem;561;23733,8;19312;11,82;7,5;19,3;0,0001;0,068
sem_barragem;562;23734,8;19313;22,25;7,0;29,3;0,0004400000034365803;0,054
sem_barragem;563;24424,2;19789;10,07;7,0;17,1;0,000859999970998615;0,067
sem_barragem;564;24432,4;19794;9,35;7,0;16,3;0,000750000006519258;0,066
sem_barragem;565;24439,8;19799;9,69;7,0;16,7;0,0008200000156648457;0,068
sem_barragem;566;24442,0;19801;12,05;6,5;18,5;0,0012600000482052565;0,058
sem_barragem;567;24442,8;19801;23,17;6,5;29,7;0,0001;0,056
sem_barragem;568;24454,7;19810;8,66;6,5;15,2;0,00033999999868683517;0,069
sem_barragem;569;25161,2;20295;14,76;6,5;21,3;0,0004199999966658652;0,059
sem_barragem;570;25161,9;20296;16,64;6,0;22,6;0,0008399999933317304;0,057
sem_barragem;571;25162,2;20296;45,0;6,0;51,0;0,0001;0,037
sem_barragem;572;25167,6;20300;7,19;6,0;13,2;0,0001;0,069
sem_barragem;573;25284,8;20380;16,43;6,0;22,4;0,0011899999808520079;0,058
sem_barragem;574;25286,2;20381;12,67;5,5;18,2;0,0003100000030826777;0,058
sem_barragem;575;25573,9;20578;10,65;5,5;16,2;0,00039999998989515007;0,056
sem_barragem;576;25578,5;20581;8,37;5,5;13,9;0,00033999999868683517;0,055
sem_barragem;577;25579,6;20582;8,04;5,0;13,0;0,0007999999797903001;0,069
sem_barragem;578;25622,5;20611;10,13;5,0;15,1;0,0008099999977275729;0,063
sem_barragem;579;25623,3;20611;5,8;4,6;10,4;0,000910000002477318;0,046
sem_barragem;580;25627,1;20614;11,43;3,0;14,4;0,001560000004246831;0,053
sem_barragem;581;25663,1;20639;7,49;3,0;10,5;0,0001;0,067
sem_barragem;582;25669,1;20643;16,95;3,0;20,0;0,0006399999838322401;0,058
sem_barragem;583;25677,0;20648;9,2;3,0;12,2;0,0001;0,066
sem_barragem;584;25701,5;20665;7,7;2,5;10,2;0,0004400000034365803;0,065
sem_barragem;585;25707,2;20669;10,56;2,5;13,1;0,00031999999191612005;0,062
sem_barragem;586;25708,4;20670;10,23;2,5;12,7;0,0001;0,067
sem_barragem;587;25726,5;20682;14,42;2,5;16,9;0,0001;0,064
sem_barragem;588;25729,0;20684;15,78;2,0;17,8;0,0004400000034365803;0,047
sem_barragem;589;25729,3;20684;45,0;2,0;47,0;0,0001;0,035
sem_barragem;590;25729,3;20684;45,0;2,0;47,0;0,0001;0,035
sem_barragem;591;25729,3;20684;12,31;2,0;14,3;0,0001;0,062
sem_barragem;592;25737,7;20690;14,89;2,0;16,9;0,0001;0,052
sem_barragem;593;25740,1;20691;14,62;2,0;16,6;0,0010499999625608325;0,063
sem_barragem;594;25740,6;20692;13,54;1,5;15,0;0,0003600000054575503;0,043
sem_barragem;595;25742,3;20693;11,78;1,5;13,3;0,0004299999854993075;0,057
sem_barragem;596;26182,8;20993;14,15;1,5;15,6;0,0001;0,063
ALTJ_seca_triagem;0;150,8;262;0,66;69,5;70,2;0,0803299993276596;0,07
ALTJ_seca_triagem;1;151,1;263;0,19;69,0;69,2;0,10478000342845917;0,069
ALTJ_seca_triagem;2;151,5;263;1,23;53,5;54,7;0,0850600004196167;0,065
ALTJ_seca_triagem;3;151,9;264;1,51;52,5;54,0;0,05452999845147133;0,065
ALTJ_seca_triagem;4;152,2;264;1,2;64,9;66,1;0,08060000091791153;0,065
ALTJ_seca_triagem;5;152,4;264;0,86;50,0;50,9;0,13050000369548798;0,067
ALTJ_seca_triagem;6;152,9;265;0,66;152,2;152,9;0,12737999856472015;0,07
ALTJ_seca_triagem;7;153,4;266;0,8;15,3;16,1;0,12230999767780304;0,062
ALTJ_seca_triagem;8;153,9;267;0,46;100,7;101,1;0,21484999358654022;0,06
ALTJ_seca_triagem;9;154,3;267;0,6;52,6;53,2;0,20670999586582184;0,068
ALTJ_seca_triagem;10;154,5;267;0,69;98,5;99,2;0,2082200050354004;0,061
ALTJ_seca_triagem;11;154,9;268;0,28;98,9;99,2;0,1975799947977066;0,062
ALTJ_seca_triagem;12;155,5;269;1,08;136,2;137,2;0,1705400049686432;0,064
ALTJ_seca_triagem;13;156,1;270;0,91;138,4;139,3;0,16705000400543213;0,062
ALTJ_seca_triagem;14;156,8;271;0,29;138,2;138,5;0,18880000710487366;0,067
ALTJ_seca_triagem;15;157,8;272;0,41;51,3;51,7;0,18116000294685364;0,064
ALTJ_seca_triagem;16;158,4;273;0,59;49,9;50,5;0,1726199984550476;0,064
ALTJ_seca_triagem;17;158,8;274;0,18;87,2;87,4;0,17219999432563782;0,061
ALTJ_seca_triagem;18;159,1;274;0,52;43,7;44,2;0,16009999811649323;0,064
ALTJ_seca_triagem;19;159,4;275;0,54;158,3;158,8;0,15703000128269196;0,063
ALTJ_seca_triagem;20;159,8;275;0,38;23,7;24,1;0,16043999791145325;0,061
ALTJ_seca_triagem;21;159,9;275;0,65;12,6;13,3;0,11467999964952469;0,055
ALTJ_seca_triagem;22;160,7;277;0,52;11,8;12,3;0,10593999922275543;0,067
ALTJ_seca_triagem;23;161,1;277;0,85;47,6;48,5;0,10724999755620956;0,067
ALTJ_seca_triagem;24;161,9;278;0,7;47,5;48,2;0,08433999866247177;0,06
ALTJ_seca_triagem;25;162,3;279;0,79;112,3;113,1;0,10531000047922134;0,067
ALTJ_seca_triagem;26;162,7;280;0,66;51,6;52,3;0,09782999753952026;0,053
ALTJ_seca_triagem;27;162,9;280;0,52;94,0;94,6;0,09724000096321106;0,057
ALTJ_seca_triagem;28;163,5;281;0,55;44,4;44,9;0,06488999724388123;0,059
ALTJ_seca_triagem;29;164,2;282;1,48;45,8;47,3;0,03791999816894531;0,066
ALTJ_seca_triagem;30;164,8;283;1,28;36,2;37,5;0,0385500006377697;0,062
ALTJ_seca_triagem;31;165,7;284;0,05;34,2;34,3;0,05452999845147133;0,066
ALTJ_seca_triagem;32;166,5;285;0,59;23,3;23,9;0,054329998791217804;0,053
ALTJ_seca_triagem;33;167,0;286;0,74;25,7;26,4;0,055229999125003815;0,055
ALTJ_seca_triagem;34;167,9;287;0,51;64,6;65,1;0,2530499994754791;0,063
ALTJ_seca_triagem;35;168,7;288;0,67;115,0;115,7;0,05528999865055084;0,067
ALTJ_seca_triagem;36;170,7;291;0,7;107,7;108,4;0,05618999898433685;0,069
ALTJ_seca_triagem;37;171,6;292;0,62;61,2;61,9;0,06932999938726425;0,067
ALTJ_seca_triagem;38;172,4;294;1,21;61,0;62,2;0,03443000093102455;0,064
ALTJ_seca_triagem;39;173,3;295;0,65;24,1;24,7;0,14993000030517578;0,062
ALTJ_seca_triagem;40;174,5;297;0,24;22,1;22,4;0,2887499928474426;0,055
ALTJ_seca_triagem;41;175,1;297;0,38;330,5;330,9;0,294869989156723;0,058
ALTJ_seca_triagem;42;178,9;303;0,27;58,7;58,9;0,04613000154495239;0,056
ALTJ_seca_triagem;43;180,7;306;1,13;8,5;9,6;0,009270000271499157;0,062
ALTJ_seca_triagem;44;181,4;307;0,72;56,1;56,8;0,04433999955654144;0,058
ALTJ_seca_triagem;45;182,3;308;0,23;54,4;54,6;0,14889000356197357;0,067
ALTJ_seca_triagem;46;182,5;308;0,57;22,0;22,6;0,1526000052690506;0,058
ALTJ_seca_triagem;47;183,0;309;0,29;22,5;22,7;0,15394000709056854;0,057
ALTJ_seca_triagem;48;183,4;309;0,93;22,7;23,6;0,021199999377131462;0,067
ALTJ_seca_triagem;49;183,5;310;0,8;7,2;8,0;0,15025000274181366;0,044
ALTJ_seca_triagem;50;183,5;310;1,22;30,5;31,7;0,022220000624656677;0,053
ALTJ_seca_triagem;51;184,5;311;0,68;28,6;29,3;0,13583000004291534;0,064
ALTJ_seca_triagem;52;185,1;312;0,22;47,7;47,9;0,13606999814510345;0,063
ALTJ_seca_triagem;53;185,5;313;0,63;23,6;24,2;0,0246799997985363;0,05
ALTJ_seca_triagem;54;186,3;314;0,64;109,1;109,7;0,25501999258995056;0,065
ALTJ_seca_triagem;55;188,4;317;0,71;50,6;51,3;0,12755000591278076;0,062
ALTJ_seca_triagem;56;189,7;319;0,24;48,6;48,8;0,15211999416351318;0,066
ALTJ_seca_triagem;57;190,9;320;0,51;35,0;35,6;0,15027999877929688;0,054
ALTJ_seca_triagem;58;191,0;320;0,84;44,6;45,5;0,1311199963092804;0,058
ALTJ_seca_triagem;59;191,6;321;0,37;30,2;30,6;0,1477700024843216;0,061
ALTJ_seca_triagem;60;192,4;322;1,02;178,8;179,8;0,1428000032901764;0,059
ALTJ_seca_triagem;61;192,9;323;0,62;162,7;163,3;0,1271200031042099;0,063
ALTJ_seca_triagem;62;193,3;324;0,67;150,7;151,4;0,11729999631643295;0,06
ALTJ_seca_triagem;63;194,1;325;0,6;23,5;24,1;0,10685999691486359;0,067
ALTJ_seca_triagem;64;194,5;325;1,63;50,4;52,0;0,005179999861866236;0,056
ALTJ_seca_triagem;65;195,0;326;1,02;48,7;49,7;0,005369999911636114;0,045
ALTJ_seca_triagem;66;199,8;333;0,7;42,7;43,4;0,10350000113248825;0,067
ALTJ_seca_triagem;67;201,7;336;1,57;39,4;40,9;0,003869999898597598;0,062
ALTJ_seca_triagem;68;204,9;340;0,86;37,0;37,8;0,026340000331401825;0,066
ALTJ_seca_triagem;69;205,2;341;0,53;36,0;36,5;0,02751999907195568;0,067
ALTJ_seca_triagem;70;205,5;341;0,5;30,0;30,5;0,02597000077366829;0,055
ALTJ_seca_triagem;71;206,4;342;1,22;101,5;102,7;0,05349000170826912;0,063
ALTJ_seca_triagem;72;207,3;344;0,47;35,6;36,1;0,07216999679803848;0,062
ALTJ_seca_triagem;73;207,9;344;0,56;97,1;97,7;0,07537999749183655;0,065
ALTJ_seca_triagem;74;208,8;346;0,53;21,8;22,4;0,06937000155448914;0,059
ALTJ_seca_triagem;75;210,3;348;0,61;16,4;17,0;0,06994999945163727;0,065
ALTJ_seca_triagem;76;210,6;348;0,35;33,7;34,1;0,0684100016951561;0,068
ALTJ_seca_triagem;77;210,8;348;0,55;22,0;22,5;0,06606999784708023;0,061
ALTJ_seca_triagem;78;211,2;349;0,88;21,0;21,9;0,018959999084472656;0,064
ALTJ_seca_triagem;79;211,9;350;1,34;20,2;21,5;0,01785999909043312;0,065
ALTJ_seca_triagem;80;212,2;350;1,24;15,7;16,9;0,019780000671744347;0,066
ALTJ_seca_triagem;81;213,5;352;1,34;30,9;32,2;0,012810000218451023;0,064
ALTJ_seca_triagem;82;214,1;353;2,61;26,5;29,1;0,00570000009611249;0,068
ALTJ_seca_triagem;83;215,0;354;0,82;23,9;24,7;0,008390000090003014;0,064
ALTJ_seca_triagem;84;216,4;356;2,17;25,0;27,2;0,008559999987483025;0,062
ALTJ_seca_triagem;85;217,2;357;0,17;25,1;25,3;0,06443999707698822;0,064
ALTJ_seca_triagem;86;218,5;359;0,78;86,3;87,0;0,05770999938249588;0,068
ALTJ_seca_triagem;87;221,3;363;0,28;26,4;26,7;0,08189000189304352;0,064
ALTJ_seca_triagem;88;221,7;364;0,94;87,5;88,5;0,04816000163555145;0,06
ALTJ_seca_triagem;89;222,4;365;0,55;84,2;84,7;0,056620001792907715;0,06
ALTJ_seca_triagem;90;223,7;366;0,72;74,4;75,1;0,05697000026702881;0,052
ALTJ_seca_triagem;91;224,7;368;0,63;81,3;81,9;0,042490001767873764;0,061
ALTJ_seca_triagem;92;225,4;369;1,15;88,5;89,7;0,05671999976038933;0,065
ALTJ_seca_triagem;93;226,3;370;0,48;88,1;88,6;0,05610999837517738;0,065
ALTJ_seca_triagem;94;227,1;371;0,35;41,8;42,1;0,054409999400377274;0,053
ALTJ_seca_triagem;95;227,8;372;0,84;43,0;43,8;0,03798000141978264;0,061
ALTJ_seca_triagem;96;228,5;373;1,0;42,0;43,0;0,05414000153541565;0,057
ALTJ_seca_triagem;97;230,9;376;0,57;92,7;93,3;0,06923999637365341;0,067
ALTJ_seca_triagem;98;233,4;380;0,45;19,8;20,2;0,021570000797510147;0,067
ALTJ_seca_triagem;99;235,0;382;1,74;17,7;19,4;0,007930000312626362;0,065
ALTJ_seca_triagem;100;235,2;382;0,82;17,3;18,1;0,06718999892473221;0,06
ALTJ_seca_triagem;101;236,1;384;0,43;40,7;41,1;0,061969999223947525;0,062
ALTJ_seca_triagem;102;237,8;386;1,05;39,2;40,2;0,018039999529719353;0,059
ALTJ_seca_triagem;103;238,4;387;0,41;38,2;38,7;0,0635799989104271;0,068
ALTJ_seca_triagem;104;238,7;387;0,83;16,8;17,6;0,02223999984562397;0,064
ALTJ_seca_triagem;105;239,7;389;1,13;21,9;23,1;0,008500000461935997;0,056
ALTJ_seca_triagem;106;240,9;390;0,72;23,3;24,0;0,06312999874353409;0,067
ALTJ_seca_triagem;107;242,0;392;1,09;77,1;78,2;0,05708000063896179;0,064
ALTJ_seca_triagem;108;243,3;394;0,78;36,9;37,7;0,018519999459385872;0,064
ALTJ_seca_triagem;109;244,1;395;0,94;76,3;77,3;0,0369499996304512;0,06
ALTJ_seca_triagem;110;245,4;396;0,14;73,0;73,1;0,047540001571178436;0,061
ALTJ_seca_triagem;111;249,1;402;1,53;20,8;22,3;0,01648000068962574;0,064
ALTJ_seca_triagem;112;250,5;403;0,67;34,0;34,7;0,015309999696910381;0,057
ALTJ_seca_triagem;113;250,7;404;0,82;32,4;33,2;0,013819999992847443;0,057
ALTJ_seca_triagem;114;251,8;405;1,27;18,9;20,1;0,004879999905824661;0,058
ALTJ_seca_triagem;115;253,4;407;1,73;16,8;18,6;0,004720000084489584;0,062
ALTJ_seca_triagem;116;254,8;409;8,59;13,5;22,1;0,0001900000061141327;0,064
ALTJ_seca_triagem;117;254,9;409;0,99;13,5;14,5;0,02387000061571598;0,067
ALTJ_seca_triagem;118;257,3;413;0,61;69,9;70,5;0,027370000258088112;0,058
ALTJ_seca_triagem;119;258,7;415;0,52;67,1;67,6;0,03457000106573105;0,066
ALTJ_seca_triagem;120;259,4;416;0,44;41,0;41,5;0,047600001096725464;0,067
ALTJ_seca_triagem;121;259,8;416;0,54;40,6;41,1;0,008709999732673168;0,043
ALTJ_seca_triagem;122;260,9;418;1,47;37,9;39,3;0,002580000087618828;0,054
ALTJ_seca_triagem;123;262,5;420;0,5;50,9;51,4;0,056299999356269836;0,067
ALTJ_seca_triagem;124;263,5;421;0,61;64,5;65,1;0,04628000035881996;0,067
ALTJ_seca_triagem;125;273,3;434;0,57;14,8;15,4;0,1300400048494339;0,06
ALTJ_seca_triagem;126;274,6;436;0,24;13,2;13,4;0,13387000560760498;0,068
ALTJ_seca_triagem;127;275,8;438;0,81;79,9;80,7;0,13102999329566956;0,056
ALTJ_seca_triagem;128;277,3;440;0,11;137,5;137,6;0,12783999741077423;0,038
ALTJ_seca_triagem;129;278,3;441;0,72;13,1;13,9;0,007739999797195196;0,067
ALTJ_seca_triagem;130;284,3;449;0,3;131,5;131,8;0,11123000085353851;0,062
ALTJ_seca_triagem;131;285,6;451;0,22;58,8;59,0;0,1132500022649765;0,065
ALTJ_seca_triagem;132;286,6;452;0,35;36,1;36,5;0,11455000191926956;0,051
ALTJ_seca_triagem;133;287,3;453;0,94;36,6;37,6;0,041030000895261765;0,065
ALTJ_seca_triagem;134;287,9;454;0,54;34,5;35,0;0,04416999965906143;0,047
ALTJ_seca_triagem;135;288,2;454;0,39;22,2;22,6;0,11112000048160553;0,048
ALTJ_seca_triagem;136;288,3;455;1,2;7,7;8,9;0,10761000216007233;0,057
ALTJ_seca_triagem;137;289,5;456;0,53;115,6;116,1;0,1080000028014183;0,058
ALTJ_seca_triagem;138;291,1;458;0,35;36,8;37,1;0,09043999761343002;0,066
ALTJ_seca_triagem;139;291,8;459;1,26;62,0;63,3;0,0919099971652031;0,063
ALTJ_seca_triagem;140;293,2;461;1,22;61,0;62,2;0,04510999843478203;0,062
ALTJ_seca_triagem;141;294,4;463;1,35;12,1;13,5;0,00394000019878149;0,06
ALTJ_seca_triagem;142;295,2;464;1,04;13,3;14,3;0,09160999953746796;0,065
ALTJ_seca_triagem;143;296,9;466;0,27;35,6;35,9;0,022579999640583992;0,061
ALTJ_seca_triagem;144;297,8;467;0,83;57,5;58,3;0,09470999985933304;0,068
ALTJ_seca_triagem;145;298,9;469;0,84;7,6;8,4;0,04562000185251236;0,062
ALTJ_seca_triagem;146;300,4;471;2,68;54,2;56,9;0,007280000019818544;0,063
ALTJ_seca_triagem;147;301,2;472;0,18;13,9;14,1;0,09176000207662582;0,059
ALTJ_seca_triagem;148;301,5;472;0,86;78,1;79,0;0,09307000041007996;0,058
ALTJ_seca_triagem;149;304,4;476;0,35;106,7;107,0;0,09401000291109085;0,062
ALTJ_seca_triagem;150;304,9;477;0,67;8,9;9,6;0,08596000075340271;0,047
ALTJ_seca_triagem;151;305,4;477;1,98;97,7;99,7;0,08183000236749649;0,067
ALTJ_seca_triagem;152;306,1;478;0,76;6,8;7,6;0,08083000034093857;0,06
ALTJ_seca_triagem;153;307,0;479;0,77;11,5;12,3;0,07761000096797943;0,067
ALTJ_seca_triagem;154;309,8;483;1,71;50,5;52,2;0,04236999899148941;0,066
ALTJ_seca_triagem;155;310,7;484;0,69;11,2;11,9;0,03931000083684921;0,064
ALTJ_seca_triagem;156;311,3;485;0,95;11,3;12,2;0,03590000048279762;0,058
ALTJ_seca_triagem;157;312,0;486;1,64;25,5;27,2;0,039500001817941666;0,064
ALTJ_seca_triagem;158;315,7;491;1,84;40,5;42,4;0,010579999536275864;0,065
ALTJ_seca_triagem;159;318,1;494;2,38;39,0;41,3;0,012659999541938305;0,066
ALTJ_seca_triagem;160;320,9;498;2,52;36,5;39,0;0,0043299999088048935;0,063
ALTJ_seca_triagem;161;322,3;500;2,2;33,5;35,7;0,004360000137239695;0,059
ALTJ_seca_triagem;162;328,2;507;0,67;4,6;5,3;0,022709999233484268;0,067
ALTJ_seca_triagem;163;329,7;509;2,05;3,1;5,1;0,0013699999544769526;0,054
ALTJ_seca_triagem;164;332,5;513;0,78;28,7;29,5;0,02353999949991703;0,062
ALTJ_seca_triagem;165;340,9;524;0,88;84,3;85,2;0,0727199986577034;0,069
ALTJ_seca_triagem;166;343,0;527;1,57;4,6;6,2;0,00419999985024333;0,068
ALTJ_seca_triagem;167;343,6;528;1,51;2,4;3,9;0,004279999993741512;0,056
ALTJ_seca_triagem;168;344,1;528;10,13;2,0;12,1;0,0001;0,064
ALTJ_seca_triagem;169;344,1;528;21,97;2,0;24,0;0,0001;0,056
ALTJ_seca_triagem;171;344,1;528;11,77;2,0;13,8;0,0001;0,045
ALTJ_seca_triagem;177;344,3;529;10,17;1,5;11,7;0,0001;0,058
ALTJ_seca_triagem;178;344,4;529;23,18;1,5;24,7;0,0001;0,062
ALTJ_seca_triagem;179;344,4;529;19,01;1,5;20,5;0,0001;0,056
ALTJ_seca_triagem;180;344,4;529;20,93;1,5;22,4;0,0001;0,05
ALTJ_seca_triagem;181;344,4;529;25,93;1,5;27,4;0,0001;0,047
ALTJ_seca_triagem;191;348,5;534;0,57;1,5;2,1;0,027480000630021095;0,068
ALTJ_seca_triagem;192;353,9;541;1,94;31,9;33,9;0,001449999981559813;0,038
ALTJ_seca_triagem;193;359,9;549;0,55;77,3;77,8;0,07337000221014023;0,065
ALTJ_seca_triagem;194;363,1;553;1,03;27,8;28,8;0,04583999887108803;0,064
ALTJ_seca_triagem;195;368,5;560;0,6;31,7;32,3;0,009829999879002571;0,066
ALTJ_seca_triagem;196;369,0;561;2,14;30,7;32,9;0,001449999981559813;0,068
ALTJ_seca_triagem;197;370,0;562;1,23;30,1;31,4;0,001129999989643693;0,048
ALTJ_seca_triagem;198;376,5;570;1,09;28,9;30,0;0,0419900007545948;0,067
ALTJ_seca_triagem;199;377,0;571;2,15;29,1;31,3;0,0014799999771639705;0,067
ALTJ_seca_triagem;200;377,6;572;0,61;29,0;29,6;0,04416999965906143;0,054
ALTJ_seca_triagem;201;378,3;573;0,88;73,0;73,8;0,04422000050544739;0,06
ALTJ_seca_triagem;202;380,1;575;1,64;28,3;29,9;0,03886999934911728;0,067
ALTJ_seca_triagem;203;382,6;578;2,28;71,7;74,0;0,006430000066757202;0,063
ALTJ_seca_triagem;204;387,1;584;3,17;68,3;71,4;0,002580000087618828;0,065
ALTJ_seca_triagem;205;390,3;588;1,27;66,3;67,6;0,019670000299811363;0,067
ALTJ_seca_triagem;206;390,8;589;1,88;62,6;64,5;0,01779000088572502;0,061
ALTJ_seca_triagem;207;392,5;591;0,99;60,1;61,1;0,018309999257326126;0,061
ALTJ_seca_triagem;208;393,7;592;1,03;59,8;60,8;0,029519999399781227;0,067
ALTJ_seca_triagem;209;395,0;594;1,52;42,5;44,0;0,027639999985694885;0,064
ALTJ_seca_triagem;210;395,8;595;0,64;65,4;66,1;0,05663999915122986;0,06
ALTJ_seca_triagem;211;396,7;596;1,0;40,5;41,5;0,053860001266002655;0,064
ALTJ_seca_triagem;212;397,2;597;0,6;28,1;28,7;0,012760000303387642;0,045
ALTJ_seca_triagem;213;397,7;598;0,73;39,6;40,4;0,05519000068306923;0,062
ALTJ_seca_triagem;214;398,4;598;1,05;57,7;58,8;0,05415000021457672;0,057
ALTJ_seca_triagem;215;399,0;599;1,2;57,4;58,6;0,04230000078678131;0,066
ALTJ_seca_triagem;216;402,6;604;2,39;39,0;41,4;0,04228999838232994;0,066
ALTJ_seca_triagem;217;403,6;605;2,17;37,9;40,0;0,043529998511075974;0,067
ALTJ_seca_triagem;218;404,4;606;1,05;35,5;36,5;0,04789000004529953;0,067
ALTJ_seca_triagem;219;405,2;607;1,42;73,5;74,9;0,04741999879479408;0,065
ALTJ_seca_triagem;220;411,0;615;2,09;53,8;55,9;0,035610001534223557;0,067
ALTJ_seca_triagem;221;411,7;615;2,07;70,9;73,0;0,03589000180363655;0,062
ALTJ_seca_triagem;222;413,0;617;2,19;34,5;36,7;0,03246000036597252;0,066
ALTJ_seca_triagem;223;414,2;619;2,31;31,5;33,8;0,03375000134110451;0,067
ALTJ_seca_triagem;224;416,8;622;1,37;32,4;33,8;0,03438999876379967;0,063
ALTJ_seca_triagem;225;421,0;627;0,66;42,8;43,5;0,03674999997019768;0,069
ALTJ_seca_triagem;226;424,4;632;0,38;25,0;25,4;0,04574999958276749;0,067
ALTJ_seca_triagem;227;425,6;633;0,66;24,1;24,8;0,04495000094175339;0,055
ALTJ_seca_triagem;228;426,4;634;1,51;60,3;61,8;0,037289999425411224;0,061
ALTJ_seca_triagem;229;427,2;635;0,69;28,4;29,1;0,028620000928640366;0,063
ALTJ_seca_triagem;230;428,4;637;1,18;50,3;51,5;0,02377999946475029;0,062
ALTJ_seca_triagem;231;430,0;639;0,61;23,1;23,7;0,041099999099969864;0,063
ALTJ_seca_triagem;232;431,1;640;0,81;26,5;27,3;0,04140999913215637;0,06
ALTJ_seca_triagem;233;433,7;643;1,08;25,7;26,8;0,03172000125050545;0,063
ALTJ_seca_triagem;234;434,2;644;2,08;53,3;55,4;0,029850000515580177;0,062
ALTJ_seca_triagem;235;436,3;647;2,8;51,8;54,6;0,005539999809116125;0,063
ALTJ_seca_triagem;236;438,6;649;1,18;49,3;50,5;0,025709999725222588;0,063
ALTJ_seca_triagem;237;443,9;656;0,53;25,3;25,8;0,022530000656843185;0,065
ALTJ_seca_triagem;238;450,6;664;0,41;24,8;25,2;0,005280000157654285;0,061
ALTJ_seca_triagem;239;453,2;668;1,41;23,3;24,7;0,006130000110715628;0,067
ALTJ_seca_triagem;240;454,0;669;1,78;21,9;23,7;0,004610000178217888;0,046
ALTJ_seca_triagem;241;454,6;670;5,56;24,0;29,6;0,0042500002309679985;0,069
ALTJ_seca_triagem;242;456,0;671;5,03;21,8;26,8;0,003930000122636557;0,069
ALTJ_seca_triagem;243;463,4;680;0,31;24,2;24,5;0,00812000036239624;0,061
ALTJ_seca_triagem;244;463,4;681;5,55;22,6;28,1;0,0022899999748915434;0,035
ALTJ_seca_triagem;245;476,5;697;0,82;36,0;36,8;0,025210000574588776;0,066
ALTJ_seca_triagem;246;481,0;702;2,66;45,5;48,2;0,004780000075697899;0,065
ALTJ_seca_triagem;247;487,0;710;1,01;23,1;24,1;0,02191999927163124;0,068
ALTJ_seca_triagem;248;488,5;712;1,25;19,9;21,1;0,021209999918937683;0,068
ALTJ_seca_triagem;249;488,9;712;1,35;23,1;24,4;0,021159999072551727;0,05
ALTJ_seca_triagem;250;489,2;713;1,33;25,3;26,7;0,020959999412298203;0,067
ALTJ_seca_triagem;251;493,0;717;4,83;40,5;45,3;0,0013099999632686377;0,065
ALTJ_seca_triagem;252;494,1;719;0,24;39,0;39,2;0,013849999755620956;0,059
ALTJ_seca_triagem;253;501,8;728;2,17;23,1;25,2;0,00431999983265996;0,065
ALTJ_seca_triagem;254;504,6;732;1,48;19,4;20,9;0,0188400000333786;0,068
ALTJ_seca_triagem;255;506,2;734;2,36;38,0;40,4;0,017340000718832016;0,066
ALTJ_seca_triagem;256;508,8;737;3,76;36,4;40,1;0,001560000004246831;0,067
ALTJ_seca_triagem;257;510,0;738;3,27;34,5;37,8;0,00203000009059906;0,067
ALTJ_seca_triagem;258;513,9;743;1,74;32,0;33,7;0,013770000077784061;0,068
ALTJ_seca_triagem;259;516,7;746;1,02;16,6;17,6;0,014379999600350857;0,062
ALTJ_seca_triagem;260;517,7;748;2,08;30,5;32,6;0,015110000036656857;0,063
ALTJ_seca_triagem;261;518,3;749;0,91;29,5;30,4;0,012539999559521675;0,057
ALTJ_seca_triagem;262;519,1;749;2,12;29,5;31,6;0,013030000030994415;0,06
ALTJ_seca_triagem;263;522,8;754;0,69;29,0;29,7;0,029529999941587448;0,062
ALTJ_seca_triagem;264;528,2;761;1,38;40,0;41,4;0,030009999871253967;0,066
ALTJ_seca_triagem;265;529,7;762;1,13;39,7;40,9;0,024800000712275505;0,051
ALTJ_seca_triagem;266;530,3;763;1,67;14,9;16,5;0,0028899998869746923;0,043
ALTJ_seca_triagem;267;531,0;764;1,17;25,2;26,4;0,024390000849962234;0,058
ALTJ_seca_triagem;268;531,7;765;1,34;14,8;16,2;0,02092999964952469;0,052
ALTJ_seca_triagem;269;531,9;765;3,55;33,0;36,6;0,022059999406337738;0,066
ALTJ_seca_triagem;270;535,4;769;1,92;29,7;31,6;0,017629999667406082;0,069
ALTJ_seca_triagem;271;538,9;774;3,36;31,5;34,9;0,0033199999015778303;0,069
ALTJ_seca_triagem;272;542,4;778;4,03;28,5;32,5;0,0017099999822676182;0,068
ALTJ_seca_triagem;273;546,7;783;3,23;28,4;31,6;0,0029800001066178083;0,067
ALTJ_seca_triagem;274;549,3;786;3,92;26,9;30,8;0,004399999976158142;0,068
ALTJ_seca_triagem;275;550,3;788;3,24;24,4;27,6;0,003220000071451068;0,066
ALTJ_seca_triagem;276;552,6;790;3,65;21,5;25,1;0,0021200000774115324;0,065
ALTJ_seca_triagem;277;562,4;802;4,96;20,0;25,0;0,002689999993890524;0,07
ALTJ_seca_triagem;278;565,3;806;2,53;19,0;21,5;0,002630000002682209;0,07
ALTJ_seca_triagem;279;570,9;813;5,87;17,5;23,4;0,0013099999632686377;0,069
ALTJ_seca_triagem;280;572,1;814;4,8;16,5;21,3;0,001610000035725534;0,068
ALTJ_seca_triagem;281;575,0;818;4,53;15,5;20,0;0,0015200000489130616;0,066
ALTJ_seca_triagem;282;576,5;819;7,29;14,0;21,3;0,0007200000109151006;0,068
ALTJ_seca_triagem;283;581,1;825;0,79;21,3;22,1;0,009499999694526196;0,065
ALTJ_seca_triagem;284;582,3;826;5,95;20,3;26,2;0,0010000000474974513;0,047
ALTJ_seca_triagem;285;596,6;843;1,11;20,0;21,1;0,001769999973475933;0,064
ALTJ_seca_triagem;286;605,7;854;0,34;20,7;21,0;0,19077999889850616;0,06
ALTJ_seca_triagem;287;608,0;857;4,92;232,0;236,9;0,003930000122636557;0,061
ALTJ_seca_triagem;288;610,3;860;5,22;228,1;233,3;0,002689999993890524;0,06
ALTJ_seca_triagem;289;614,4;865;0,75;17,6;18,4;0,18306000530719757;0,065
ALTJ_seca_triagem;290;616,6;868;2,72;15,5;18,2;0,0015399999683722854;0,06
ALTJ_seca_triagem;291;618,5;870;1,03;221,2;222,3;0,18336999416351318;0,052
ALTJ_seca_triagem;292;620,2;872;0,29;217,0;217,3;0,17831000685691833;0,063
ALTJ_seca_triagem;293;626,2;879;1,7;14,1;15,8;0,001979999942705035;0,046
ALTJ_seca_triagem;294;627,1;880;2,17;12,6;14,8;0,002360000042244792;0,035
ALTJ_seca_triagem;295;633,1;887;2,21;11,0;13,2;0,00215000007301569;0,063
ALTJ_seca_triagem;296;640,7;896;1,22;10,8;12,0;0,002300000051036477;0,061
ALTJ_seca_triagem;297;642,8;899;0,9;10,5;11,4;0,002240000059828162;0,038
ALTJ_seca_triagem;298;645,0;901;0,46;9,7;10,2;0,15000000596046448;0,048
ALTJ_seca_triagem;299;647,9;905;0,12;178,5;178,6;0,15015000104904175;0,063
ALTJ_seca_triagem;300;657,7;916;1,67;171,0;172,7;0,14860999584197998;0,064
ALTJ_seca_triagem;301;666,1;926;5,5;165,6;171,1;0,007089999970048666;0,064
ALTJ_seca_triagem;302;668,2;929;4,91;161,0;165,9;0,006279999855905771;0,064
ALTJ_seca_triagem;303;669,2;930;5,41;154,5;159,9;0,004360000137239695;0,061
ALTJ_seca_triagem;304;676,2;938;5,02;151,5;156,6;0,0040799998678267;0,061
ALTJ_seca_triagem;305;685,2;949;1,17;14,0;15,1;0,12264999747276306;0,069
ALTJ_seca_triagem;306;686,5;950;2,14;12,1;14,2;0,002219999907538295;0,051
ALTJ_seca_triagem;307;688,9;953;0,95;11,7;12,6;0,004769999999552965;0,043
ALTJ_seca_triagem;308;691,7;957;0,62;10,6;11,3;0,11992999911308289;0,067
ALTJ_seca_triagem;309;692,6;958;0,91;136,0;136,9;0,11527000367641449;0,047
ALTJ_seca_triagem;310;694,5;960;0,76;9,8;10,5;0,11034999787807465;0,053
ALTJ_seca_triagem;311;695,3;961;5,48;131,0;136,5;0,004360000137239695;0,064
ALTJ_seca_triagem;312;697,6;963;0,74;123,9;124,6;0,10385999828577042;0,053
ALTJ_seca_triagem;313;698,4;964;0,51;9,2;9,7;0,09872999787330627;0,043
ALTJ_seca_triagem;314;699,8;966;1,32;39,0;40,3;0,03189999982714653;0,05
ALTJ_seca_triagem;315;701,5;968;1,59;115,0;116,6;0,09855999797582626;0,058
ALTJ_seca_triagem;316;702,6;969;5,17;110,5;115,7;0,00865000020712614;0,065
ALTJ_seca_triagem;317;704,5;972;0,5;105,5;106,0;0,08844000101089478;0,052
ALTJ_seca_triagem;318;718,1;987;2,89;38,5;41,4;0,06255999952554703;0,067
ALTJ_seca_triagem;319;719,0;989;2,53;102,0;104,5;0,0580499991774559;0,065
ALTJ_seca_triagem;320;719,8;989;3,02;69,1;72,1;0,05796999856829643;0,065
ALTJ_seca_triagem;321;724,6;995;3,11;98,5;101,6;0,055810000747442245;0,066
ALTJ_seca_triagem;322;728,4;999;4,84;37,0;41,8;0,0012499999720603228;0,067
ALTJ_seca_triagem;323;746,6;1021;1,76;36,2;37,9;0,1558299958705902;0,066
ALTJ_seca_triagem;324;746,9;1021;2,5;96,5;99,0;0,05592000111937523;0,063
ALTJ_seca_triagem;325;747,9;1022;2,46;35,5;38,0;0,0522099994122982;0,064
ALTJ_seca_triagem;326;748,4;1023;4,71;35,0;39,7;0,0008500000112690032;0,059
ALTJ_seca_triagem;327;748,9;1023;2,14;90,5;92,6;0,05150999873876572;0,059
ALTJ_seca_triagem;328;752,5;1027;4,66;88,0;92,7;0,004699999932199717;0,063
ALTJ_seca_triagem;329;754,9;1030;2,51;82,5;85,0;0,043209999799728394;0,065
ALTJ_seca_triagem;330;755,2;1031;2,46;34,5;37,0;0,0025599999353289604;0,05
ALTJ_seca_triagem;331;771,6;1050;0,92;57,2;58,1;0,04758000001311302;0,067
ALTJ_seca_triagem;332;772,0;1050;3,54;29,7;33,3;0,04706000164151192;0,063
ALTJ_seca_triagem;333;772,9;1051;2,88;29,1;32,0;0,04540000110864639;0,067
ALTJ_seca_triagem;334;773,7;1052;3,17;76,5;79,7;0,04458000138401985;0,065
ALTJ_seca_triagem;335;775,3;1054;2,69;74,5;77,2;0,043529998511075974;0,065
ALTJ_seca_triagem;336;778,4;1058;2,22;209,5;211,7;0,123089998960495;0,067
ALTJ_seca_triagem;337;779,5;1059;1,83;207,0;208,8;0,12076999992132187;0,066
ALTJ_seca_triagem;338;791,2;1072;6,04;70,5;76,5;0,0033199999015778303;0,065
ALTJ_seca_triagem;339;792,5;1074;2,88;67,0;69,9;0,03824999928474426;0,068
ALTJ_seca_triagem;340;794,4;1076;4,47;27,2;31,7;0,0012700000079348683;0,059
ALTJ_seca_triagem;341;813,9;1098;5,53;203,5;209,0;0,003490000031888485;0,066
ALTJ_seca_triagem;342;820,8;1106;7,15;199,5;206,7;0,003060000017285347;0,065
ALTJ_seca_triagem;343;822,5;1108;5,64;195,5;201,1;0,0038900000508874655;0,063
ALTJ_seca_triagem;344;824,4;1110;5,62;191,0;196,6;0,004310000222176313;0,064
ALTJ_seca_triagem;345;834,9;1122;6,96;187,0;194,0;0,0026199999265372753;0,065
ALTJ_seca_triagem;346;850,5;1140;2,01;183,2;185,3;0,1392499953508377;0,067
ALTJ_seca_triagem;347;861,4;1153;1,21;27,4;28,6;0,1370600014925003;0,052
ALTJ_seca_triagem;348;865,8;1158;6,35;179,5;185,9;0,003930000122636557;0,062
ALTJ_seca_triagem;349;867,9;1160;7,03;175,5;182,5;0,003490000031888485;0,063
ALTJ_seca_triagem;350;872,6;1165;7,47;171,8;179,2;0,0034000000450760126;0,064
ALTJ_seca_triagem;351;874,0;1167;6,58;168,0;174,6;0,003060000017285347;0,059
ALTJ_seca_triagem;352;877,4;1171;1,77;26,0;27,8;0,12266000360250473;0,066
ALTJ_seca_triagem;353;881,0;1175;2,59;26,3;28,9;0,0017399999778717756;0,064
ALTJ_seca_triagem;354;886,9;1182;3,9;25,0;28,9;0,00203999993391335;0,058
ALTJ_seca_triagem;355;887,8;1183;1,63;24,9;26,6;0,12473999708890915;0,053
ALTJ_seca_triagem;356;891,9;1187;0,56;162,5;163,1;0,123089998960495;0,046
ALTJ_seca_triagem;357;907,3;1205;2,97;23,0;26,0;0,0011599999852478504;0,038
ALTJ_seca_triagem;358;907,9;1205;4,1;22,5;26,6;0,00215999991632998;0,041
ALTJ_seca_triagem;359;908,9;1206;3,19;22,0;25,2;0,0012000000569969416;0,039
ALTJ_seca_triagem;360;930,4;1231;1,03;160,5;161,5;0,12281999737024307;0,052
ALTJ_seca_triagem;361;935,0;1236;5,28;158,0;163,3;0,004339999984949827;0,06
ALTJ_seca_triagem;362;936,5;1238;4,04;156,5;160,5;0,008310000412166119;0,056
ALTJ_seca_triagem;363;938,1;1239;6,36;148,0;154,4;0,003930000122636557;0,061
ALTJ_seca_triagem;364;940,1;1242;5,9;144,5;150,4;0,003490000031888485;0,059
ALTJ_seca_triagem;365;949,8;1252;6,1;141,2;147,4;0,0026199999265372753;0,06
ALTJ_seca_triagem;366;953,0;1256;5,5;137,2;142,7;0,003490000031888485;0,06
ALTJ_seca_triagem;367;954,5;1258;6,22;133,5;139,7;0,003490000031888485;0,062
ALTJ_seca_triagem;368;986,1;1293;2,06;21,2;23,2;0,0008299999753944576;0,066
ALTJ_seca_triagem;369;997,5;1306;1,55;20,9;22,5;0,001820000004954636;0,04
ALTJ_seca_triagem;370;1006,4;1316;2,27;19,7;22,0;0,002520000096410513;0,066
ALTJ_seca_triagem;371;1008,7;1318;1,61;19,1;20,7;0,0019600000232458115;0,047
ALTJ_seca_triagem;372;1030,5;1342;1,33;18,7;20,0;0,0017500000540167093;0,066
ALTJ_seca_triagem;373;1063,1;1378;1,9;17,5;19,4;0,003019999945536256;0,063
ALTJ_seca_triagem;374;1067,2;1383;4,05;16,6;20,7;0,0010100000072270632;0,041
ALTJ_seca_triagem;375;1101,4;1420;4,46;130,0;134,5;0,10051999986171722;0,068
ALTJ_seca_triagem;376;1111,0;1431;7,14;128,0;135,1;0,0021800000686198473;0,064
ALTJ_seca_triagem;377;1128,6;1450;7,44;125,5;132,9;0,0017500000540167093;0,062
ALTJ_seca_triagem;378;1131,0;1453;5,99;123,2;129,2;0,003490000031888485;0,061
ALTJ_seca_triagem;379;1135,5;1458;6,73;119,5;126,2;0,0023300000466406345;0,063
ALTJ_seca_triagem;380;1136,8;1459;5,82;116,9;122,8;0,002689999993890524;0,063
ALTJ_seca_triagem;381;1144,1;1467;6,35;113,0;119,3;0,0029899999499320984;0,062
ALTJ_seca_triagem;382;1147,1;1470;6,5;109,5;116,0;0,003060000017285347;0,062
ALTJ_seca_triagem;383;1147,8;1471;5,91;106,5;112,4;0,003010000102221966;0,058
ALTJ_seca_triagem;384;1149,2;1473;6,76;103,0;109,8;0,003019999945536256;0,061
ALTJ_seca_triagem;385;1193,2;1520;15,67;101,2;116,9;0,0004400000034365803;0,068
ALTJ_seca_triagem;386;1217,1;1546;6,01;99,5;105,5;0,003060000017285347;0,06
ALTJ_seca_triagem;387;1220,1;1550;8,77;96,0;104,8;0,0021800000686198473;0,064
ALTJ_seca_triagem;388;1222,7;1552;8,43;93,0;101,4;0,0021800000686198473;0,065
ALTJ_seca_triagem;389;1229,4;1560;9,79;90,5;100,3;0,0017500000540167093;0,064
ALTJ_seca_triagem;390;1245,1;1577;8,25;88,0;96,3;0,0021800000686198473;0,064
ALTJ_seca_triagem;391;1246,8;1578;6,98;85,5;92,5;0,0021800000686198473;0,061
ALTJ_seca_triagem;392;1266,4;1599;8,79;83,0;91,8;0,0013099999632686377;0,066
ALTJ_seca_triagem;393;1267,3;1600;9,04;82,0;91,0;0,0017500000540167093;0,065
ALTJ_seca_triagem;394;1272,8;1606;6,74;79,5;86,2;0,0027199999894946814;0,063
ALTJ_seca_triagem;395;1274,5;1608;6,29;76,5;82,8;0,002580000087618828;0,062
ALTJ_seca_triagem;396;1275,8;1609;7,7;73,5;81,2;0,0021800000686198473;0,065
ALTJ_seca_triagem;397;1276,7;1610;7,06;71,5;78,6;0,0021800000686198473;0,063
ALTJ_seca_triagem;398;1282,9;1617;7,72;69,0;76,7;0,0017500000540167093;0,064
ALTJ_seca_triagem;399;1302,3;1638;12,51;67,5;80,0;0,0008699999889358878;0,062
ALTJ_seca_triagem;405;1842,7;2200;12,75;66,5;79,3;0,0017500000540167093;0,063
ALTJ_seca_triagem;406;2076,6;2435;10,04;64,0;74,0;0,0013099999632686377;0,066
ALTJ_seca_triagem;407;2079,5;2438;11,28;63,0;74,3;0,0010000000474974513;0,062
ALTJ_seca_triagem;408;2084,9;2443;8,34;62,5;70,8;0,0009399999980814755;0,063
ALTJ_seca_triagem;409;2086,5;2445;6,07;60,0;66,1;0,003000000026077032;0,064
ALTJ_seca_triagem;410;2092,1;2451;8,95;57,5;66,5;0,0017500000540167093;0,064
ALTJ_seca_triagem;411;2094,8;2453;7,3;55,5;62,8;0,0016499999910593033;0,067
ALTJ_seca_triagem;412;2149,8;2508;10,3;54,0;64,3;0,0008699999889358878;0,067
ALTJ_seca_triagem;413;2151,8;2510;8,95;53,0;62,0;0,0012799999676644802;0,065
ALTJ_seca_triagem;414;2179,3;2537;8,11;51,0;59,1;0,0021800000686198473;0,066
ALTJ_seca_triagem;415;2181,8;2540;7,27;49,4;56,6;0,002099999925121665;0,067
ALTJ_seca_triagem;416;2186,0;2544;10,67;47,5;58,2;0,0017399999778717756;0,067
ALTJ_seca_triagem;417;2188,0;2546;10,25;46,0;56,2;0,0012199999764561653;0,067
ALTJ_seca_triagem;418;2189,4;2547;10,72;44,5;55,2;0,0013099999632686377;0,068
ALTJ_seca_triagem;419;2199,9;2557;9,17;43,0;52,2;0,0013099999632686377;0,067
ALTJ_seca_triagem;420;2202,7;2560;9,35;41,5;50,8;0,0013099999632686377;0,067
ALTJ_seca_triagem;421;2204,2;2562;9,42;40,0;49,4;0,0012700000079348683;0,066
ALTJ_seca_triagem;422;2226,9;2584;7,74;39,2;47,0;0,0010900000343099236;0,069
ALTJ_seca_triagem;423;2228,5;2586;7,66;38,0;45,6;0,0017300000181421638;0,067
ALTJ_seca_triagem;424;2230,5;2588;9,79;36,5;46,3;0,0008699999889358878;0,058
ALTJ_seca_triagem;425;2277,1;2634;23,95;57,0;81,0;0,0008699999889358878;0,061
ALTJ_seca_triagem;426;2291,2;2647;14,86;56,0;70,9;0,001290000043809414;0,063
ALTJ_seca_triagem;427;2303,1;2659;8,24;35,0;43,2;0,0017399999778717756;0,069
ALTJ_seca_triagem;428;2305,3;2661;7,49;34,5;42,0;0,0016899999463930726;0,066
ALTJ_seca_triagem;429;2306,5;2662;9,15;32,0;41,1;0,0007900000200606883;0,061
ALTJ_seca_triagem;430;2318,5;2674;12,73;31,5;44,2;0,0001;0,07
ALTJ_seca_triagem;431;2330,5;2686;8,36;31,0;39,4;0,0017500000540167093;0,067
ALTJ_seca_triagem;432;2338,2;2694;8,18;28,5;36,7;0,0025100000202655792;0,068
ALTJ_seca_triagem;433;2340,8;2696;10,18;26,0;36,2;0,001560000004246831;0,066
ALTJ_seca_triagem;434;2345,5;2701;10,49;26,0;36,5;0,0006699999794363976;0,069
ALTJ_seca_triagem;435;2347,6;2703;8,43;26,0;34,4;0,0008200000156648457;0,065
ALTJ_seca_triagem;436;2349,8;2705;8,2;24,5;32,7;0,003659999929368496;0,064
ALTJ_seca_triagem;437;2356,1;2711;8,69;20,5;29,2;0,0026199999265372753;0,069
ALTJ_seca_triagem;439;2432,4;2785;11,66;54,0;65,7;0,0017500000540167093;0,068
ALTJ_seca_triagem;440;2433,9;2787;11,75;52,0;63,8;0,0017500000540167093;0,064
ALTJ_seca_triagem;441;2436,9;2790;12,48;50,0;62,5;0,0017500000540167093;0,066
ALTJ_seca_triagem;442;2454,0;2807;11,54;48,0;59,5;0,0017500000540167093;0,066
ALTJ_seca_triagem;443;2462,6;2815;11,75;46,0;57,7;0,0017500000540167093;0,065
ALTJ_seca_triagem;444;2468,4;2820;11,17;43,5;54,7;0,0021800000686198473;0,067
ALTJ_seca_triagem;445;2474,2;2826;9,82;41,2;51,1;0,0021800000686198473;0,065
ALTJ_seca_triagem;446;2476,5;2828;11,76;38,5;50,3;0,0021800000686198473;0,066
ALTJ_seca_triagem;447;2483,4;2835;17,31;37,0;54,3;0,0004400000034365803;0,067
ALTJ_seca_triagem;448;2485,3;2837;17,02;36,5;53,5;0,0004400000034365803;0,068
ALTJ_seca_triagem;449;2487,9;2839;19,28;36,5;55,8;0,0001;0,068
ALTJ_seca_triagem;451;2568,4;2917;17,22;66,5;83,7;0,0008699999889358878;0,064
ALTJ_seca_triagem;454;2715,9;3059;26,16;19,5;45,7;0,0001;0,067
ALTJ_seca_triagem;455;2815,9;3155;10,98;18,2;29,2;0,002400000113993883;0,067
ALTJ_seca_triagem;456;2817,6;3156;10,4;15,0;25,4;0,0013099999632686377;0,068
ALTJ_seca_triagem;457;2834,2;3172;12,94;15,0;27,9;0,0005799999926239252;0,069
ALTJ_seca_triagem;458;2836,9;3175;9,08;15,0;24,1;0,0008500000112690032;0,067
ALTJ_seca_triagem;459;2838,1;3176;12,16;15,0;27,2;0,001019999966956675;0,066
ALTJ_seca_triagem;460;2841,3;3179;14,15;14,5;28,6;0,0003100000030826777;0,069
ALTJ_seca_triagem;461;2843,3;3181;16,93;14,5;31,4;0,0001;0,067
ALTJ_seca_triagem;463;12626,1;11294;22,93;72,5;95,4;0,0004199999966658652;0,068
ALTJ_seca_triagem;464;12776,0;11408;10,88;72,5;83,4;0,004389999900013208;0,055
ALTJ_seca_triagem;465;12802,2;11428;19,45;67,0;86,4;0,0007300000288523734;0,056
ALTJ_seca_triagem;466;12803,1;11428;18,21;66,5;84,7;0,0007099999929778278;0,061
ALTJ_seca_triagem;467;12825,5;11445;13,96;66,0;80,0;0,0011899999808520079;0,055
ALTJ_seca_triagem;468;15398,1;13370;13,6;62,0;75,6;0,003060000017285347;0,059
ALTJ_seca_triagem;469;15413,3;13381;27,09;61,5;88,6;0,0001;0,056
ALTJ_seca_triagem;470;15418,1;13384;17,23;61,5;78,7;0,0007900000200606883;0,059
ALTJ_seca_triagem;471;15423,0;13388;20,17;61,0;81,2;0,0004400000034365803;0,058
ALTJ_seca_triagem;472;15432,4;13395;16,69;60,0;76,7;0,0008399999933317304;0,057
ALTJ_seca_triagem;473;15446,2;13405;26,19;59,5;85,7;0,0008699999889358878;0,062
ALTJ_seca_triagem;474;15448,8;13407;18,26;59,0;77,3;0,0004400000034365803;0,061
ALTJ_seca_triagem;475;15455,4;13412;17,66;58,5;76,2;0,0010400000028312206;0,059
ALTJ_seca_triagem;476;15457,3;13413;16,61;57,0;73,6;0,0011399999493733048;0,058
ALTJ_seca_triagem;477;15461,9;13417;17,81;56,0;73,8;0,0013099999632686377;0,059
ALTJ_seca_triagem;478;15685,0;13581;17,03;54,5;71,5;0,0008699999889358878;0,058
ALTJ_seca_triagem;479;15687,6;13583;20,77;53,0;73,8;0,0008699999889358878;0,061
ALTJ_seca_triagem;480;15688,8;13584;32,7;52,0;84,7;0,0013099999632686377;0,063
ALTJ_seca_triagem;481;15712,9;13602;12,6;50,5;63,1;0,0013599999947473407;0,064
ALTJ_seca_triagem;482;15722,2;13608;18,75;49,0;67,8;0,0008699999889358878;0,063
ALTJ_seca_triagem;483;15725,1;13610;29,44;49,0;78,4;0,0001;0,066
ALTJ_seca_triagem;484;15738,2;13620;17,24;49,0;66,2;0,0005699999746866524;0,062
ALTJ_seca_triagem;485;15744,9;13625;17,12;49,0;66,1;0,0007800000021234155;0,066
ALTJ_seca_triagem;486;15749,6;13628;22,18;49,0;71,2;0,0004400000034365803;0,061
ALTJ_seca_triagem;487;15755,5;13633;17,71;48,0;65,7;0,0008699999889358878;0,062
ALTJ_seca_triagem;488;15759,2;13636;18,57;47,0;65,6;0,0008699999889358878;0,061
ALTJ_seca_triagem;489;15760,9;2257;6,05;46,0;52,0;0,0008699999889358878;0,058
ALTJ_seca_triagem;490;15764,8;2267;5,53;45,0;50,5;0,0008699999889358878;0,059
ALTJ_seca_triagem;491;15828,6;2387;6,63;44,0;50,6;0,0012700000079348683;0,064
ALTJ_seca_triagem;492;15831,9;2392;6,24;43,0;49,2;0,0008699999889358878;0,059
ALTJ_seca_triagem;493;15837,1;2401;5,82;41,5;47,3;0,0008699999889358878;0,056
ALTJ_seca_triagem;494;15872,4;2457;6,79;40,0;46,8;0,0013099999632686377;0,064
ALTJ_seca_triagem;495;15874,2;2460;5,67;38,5;44,2;0,0013099999632686377;0,062
ALTJ_seca_triagem;496;15880,7;2470;8,27;37,5;45,8;0,0008699999889358878;0,062
ALTJ_seca_triagem;497;15881,1;2470;8,55;36,5;45,0;0,0004400000034365803;0,053
ALTJ_seca_triagem;498;18372,7;5213;9,83;35,6;45,4;0,0005699999746866524;0,058
ALTJ_seca_triagem;499;18378,4;5218;15,15;34,5;49,6;0,0004400000034365803;0,06
ALTJ_seca_triagem;500;18381,0;5221;9,54;34,0;43,5;0,0008699999889358878;0,06
ALTJ_seca_triagem;501;18385,5;5225;19,79;33,0;52,8;0,0008699999889358878;0,049
ALTJ_seca_triagem;502;18386,6;5226;7,82;32,5;40,3;0,0007999999797903001;0,061
ALTJ_seca_triagem;503;18389,9;5229;19,01;31,5;50,5;0,0004400000034365803;0,057
ALTJ_seca_triagem;504;18930,1;5741;18,19;31,0;49,2;0,0004400000034365803;0,068
ALTJ_seca_triagem;505;18959,7;5769;16,01;30,5;46,5;0,0004400000034365803;0,067
ALTJ_seca_triagem;506;18960,6;5770;9,89;30,0;39,9;0,0008699999889358878;0,063
ALTJ_seca_triagem;507;18967,2;5776;12,2;29,5;41,7;0,0005300000193528831;0,064
ALTJ_seca_triagem;508;19015,5;5821;16,6;29,0;45,6;0,0004400000034365803;0,069
ALTJ_seca_triagem;509;19066,8;5869;16,96;28,5;45,5;0,0004400000034365803;0,066
ALTJ_seca_triagem;510;19066,9;5869;9,28;28,0;37,3;0,0004400000034365803;0,065
ALTJ_seca_triagem;511;19076,4;5878;14,36;27,5;41,9;0,0005699999746866524;0,068
ALTJ_seca_triagem;512;19126,1;5924;9,04;27,0;36,0;0,00107999995816499;0,065
ALTJ_seca_triagem;513;19135,9;5933;16,98;26,5;43,5;0,0004400000034365803;0,065
ALTJ_seca_triagem;514;19173,7;5968;10,45;26,0;36,5;0,0007699999841861427;0,067
ALTJ_seca_triagem;515;19177,8;5972;25,05;25,5;50,6;0,0001;0,059
ALTJ_seca_triagem;516;19192,4;5985;9,93;25,0;34,9;0,0008699999889358878;0,068
ALTJ_seca_triagem;517;19196,7;5989;12,45;24,5;36,9;0,0004400000034365803;0,068
ALTJ_seca_triagem;518;19215,1;6006;11,21;24,0;35,2;0,0009899999713525176;0,059
ALTJ_seca_triagem;519;19220,7;6011;12,94;23,5;36,4;0,0004400000034365803;0,065
ALTJ_seca_triagem;520;19224,5;6015;13,45;22,5;35,9;0,0004400000034365803;0,068
ALTJ_seca_triagem;521;19228,8;6019;11,48;22,0;33,5;0,0008699999889358878;0,068
ALTJ_seca_triagem;522;19440,2;6213;12,2;21,5;33,7;0,0006600000197067857;0,067
ALTJ_seca_triagem;523;19443,2;6216;9,04;20,5;29,5;0,001120000029914081;0,065
ALTJ_seca_triagem;524;19446,0;6219;11,13;20,0;31,1;0,0008699999889358878;0,067
ALTJ_seca_triagem;525;19450,1;6222;13,61;19,5;33,1;0,0004400000034365803;0,068
ALTJ_seca_triagem;526;19460,1;6231;13,44;18,5;31,9;0,0004400000034365803;0,068
ALTJ_seca_triagem;527;19467,9;6239;10,64;18,0;28,6;0,0008699999889358878;0,059
ALTJ_seca_triagem;528;19468,8;6239;11,85;17,5;29,4;0,0007699999841861427;0,058
ALTJ_seca_triagem;529;19473,4;6244;13,73;16,5;30,2;0,0004400000034365803;0,067
ALTJ_seca_triagem;530;19478,3;6248;8,98;16,0;25,0;0,0011899999808520079;0,069
ALTJ_seca_triagem;531;19542,0;6306;8,9;15,5;24,4;0,000859999970998615;0,068
ALTJ_seca_triagem;532;19571,0;6333;15,16;14,5;29,7;0,0004400000034365803;0,068
ALTJ_seca_triagem;533;22416,9;8807;17,35;14,0;31,3;0,0005799999926239252;0,061
ALTJ_seca_triagem;534;22419,5;8809;18,23;14,0;32,2;0,0001;0,069
ALTJ_seca_triagem;535;22428,4;8817;21,05;14,0;35,1;0,0001;0,064
ALTJ_seca_triagem;536;22429,3;8818;22,55;14,0;36,6;0,0001;0,067
ALTJ_seca_triagem;537;22434,4;8822;22,22;14,0;36,2;0,0001;0,064
ALTJ_seca_triagem;538;22436,8;8824;11,94;14,0;25,9;0,0008299999753944576;0,067
ALTJ_seca_triagem;539;22440,5;8827;18,26;14,0;32,3;0,0001;0,064
ALTJ_seca_triagem;540;22442,7;8829;23,68;14,0;37,7;0,0001;0,068
ALTJ_seca_triagem;541;23029,8;9317;15,14;14,0;29,1;0,0001;0,069
ALTJ_seca_triagem;542;23085,5;9363;25,05;14,0;39,0;0,0001;0,053
ALTJ_seca_triagem;543;23088,1;9365;11,43;14,0;25,4;0,0007399999885819852;0,064
ALTJ_seca_triagem;544;23330,3;9564;12,96;13,5;26,5;0,0004400000034365803;0,061
ALTJ_seca_triagem;545;23340,2;9572;13,18;13,5;26,7;0,0002099999983329326;0,069
ALTJ_seca_triagem;546;23350,5;9581;14,14;13,5;27,6;0,0004299999854993075;0,063
ALTJ_seca_triagem;547;23350,9;9581;45,0;13,5;58,5;0,0001;0,044
ALTJ_seca_triagem;548;23614,7;9797;8,55;13,5;22,1;0,0004199999966658652;0,066
ALTJ_seca_triagem;549;23616,5;9799;11,56;13,5;25,1;0,0004299999854993075;0,063
ALTJ_seca_triagem;550;23619,1;9801;12,75;13,5;26,3;0,0001;0,06
ALTJ_seca_triagem;551;23620,8;9802;11,18;13,5;24,7;0,00031999999191612005;0,061
ALTJ_seca_triagem;552;23621,1;9802;13,41;13,5;26,9;0,0004400000034365803;0,055
ALTJ_seca_triagem;553;23622,5;9803;14,5;13,0;27,5;0,0001;0,061
ALTJ_seca_triagem;554;23623,3;9804;10,09;13,0;23,1;0,000859999970998615;0,053
ALTJ_seca_triagem;555;23623,8;9804;11,86;13,0;24,9;0,0008699999889358878;0,052
ALTJ_seca_triagem;556;23659,9;9834;5,02;9,8;14,8;0,00430000014603138;0,069
ALTJ_seca_triagem;557;23693,0;9861;18,9;8,0;26,9;0,0001;0,068
ALTJ_seca_triagem;558;23694,5;9862;15,43;8,0;23,4;0,0004400000034365803;0,059
ALTJ_seca_triagem;559;23696,5;9864;10,84;7,5;18,3;0,00033999999868683517;0,065
ALTJ_seca_triagem;560;23699,2;9866;10,36;7,5;17,9;0,0001;0,069
ALTJ_seca_triagem;561;23733,8;9894;9,57;7,5;17,1;0,0001;0,068
ALTJ_seca_triagem;562;23734,8;9895;16,0;7,0;23,0;0,0004400000034365803;0,054
ALTJ_seca_triagem;563;24424,2;10453;8,47;7,0;15,5;0,000859999970998615;0,067
ALTJ_seca_triagem;564;24432,4;10460;7,67;7,0;14,7;0,000750000006519258;0,066
ALTJ_seca_triagem;565;24439,8;10466;7,92;7,0;14,9;0,0008200000156648457;0,068
ALTJ_seca_triagem;566;24442,0;10467;9,18;6,5;15,7;0,0012600000482052565;0,058
ALTJ_seca_triagem;567;24442,8;10468;16,73;6,5;23,2;0,0001;0,056
ALTJ_seca_triagem;568;24454,7;10478;7,17;6,5;13,7;0,00033999999868683517;0,069
ALTJ_seca_triagem;569;25161,2;11042;11,17;6,5;17,7;0,0004199999966658652;0,059
ALTJ_seca_triagem;570;25161,9;11043;12,29;6,0;18,3;0,0008399999933317304;0,057
ALTJ_seca_triagem;571;25162,2;11043;45,0;6,0;51,0;0,0001;0,037
ALTJ_seca_triagem;572;25167,6;11047;6,14;6,0;12,1;0,0001;0,069
ALTJ_seca_triagem;573;25284,8;11140;12,11;6,0;18,1;0,0011899999808520079;0,058
ALTJ_seca_triagem;574;25286,2;11142;9,84;5,5;15,3;0,0003100000030826777;0,058
ALTJ_seca_triagem;575;25573,9;11369;8,2;5,5;13,7;0,00039999998989515007;0,056
ALTJ_seca_triagem;576;25578,5;11373;6,52;5,5;12,0;0,00033999999868683517;0,055
ALTJ_seca_triagem;577;25579,6;11374;7,05;5,0;12,1;0,0007999999797903001;0,069
ALTJ_seca_triagem;578;25622,5;11408;7,63;5,0;12,6;0,0008099999977275729;0,063
ALTJ_seca_triagem;579;25623,3;11408;4,49;4,6;9,1;0,000910000002477318;0,046
ALTJ_seca_triagem;580;25627,1;11411;8,71;3,0;11,7;0,001560000004246831;0,053
ALTJ_seca_triagem;581;25663,1;11440;6,29;3,0;9,3;0,0001;0,067
ALTJ_seca_triagem;582;25669,1;11444;12,35;3,0;15,4;0,0006399999838322401;0,058
ALTJ_seca_triagem;583;25677,0;11451;7,19;3,0;10,2;0,0001;0,066
ALTJ_seca_triagem;584;25701,5;11470;6,2;2,5;8,7;0,0004400000034365803;0,065
ALTJ_seca_triagem;585;25707,2;11474;8,0;2,5;10,5;0,00031999999191612005;0,062
ALTJ_seca_triagem;586;25708,4;11475;8,05;2,5;10,6;0,0001;0,067
ALTJ_seca_triagem;587;25726,5;11490;11,18;2,5;13,7;0,0001;0,064
ALTJ_seca_triagem;588;25729,0;11492;11,47;2,0;13,5;0,0004400000034365803;0,047
ALTJ_seca_triagem;589;25729,3;11492;45,0;2,0;47,0;0,0001;0,035
ALTJ_seca_triagem;590;25729,3;11492;45,0;2,0;47,0;0,0001;0,035
ALTJ_seca_triagem;591;25729,3;11492;9,28;2,0;11,3;0,0001;0,062
ALTJ_seca_triagem;592;25737,7;11498;10,61;2,0;12,6;0,0001;0,052
ALTJ_seca_triagem;593;25740,1;11500;11,78;2,0;13,8;0,0010499999625608325;0,063
ALTJ_seca_triagem;594;25740,6;11501;9,88;1,5;11,4;0,0003600000054575503;0,043
ALTJ_seca_triagem;595;25742,3;11502;9,09;1,5;10,6;0,0004299999854993075;0,057
ALTJ_seca_triagem;596;26182,8;11848;10,59;1,5;12,1;0,0001;0,063
