alternativa_antas;eixos_antas;cenario_forqueta;eixos_forqueta;regra_operativa;fisicamente_admissivel;pico_natural_estrela_m3s;pico_resultante_estrela_m3s;reducao_pico_pct;acima_limiar_preliminar_m3s;razao_limiar_preliminar;reducao_em_relacao_evento_2023_pct;area_controlada_antas_km2;area_controlada_forqueta_km2;volume_usado_antas_hm3;volume_usado_forqueta_hm3;volume_usado_total_hm3;algum_reservatorio_saturou;observacao
SEM_OBRA;-;SEM_FORQUETA;-;seca;True;16903,1;16903,1;0,0;12903,1;4,226;2,07;0,0;0,0;0,0;0,0;0,0;False;
SEM_OBRA;-;SEM_FORQUETA;-;comportas;True;16903,1;16903,1;0,0;12903,1;4,226;2,07;0,0;0,0;0,0;0,0;0,0;False;
SEM_OBRA;-;SEM_FORQUETA;-;convencional;True;16903,1;16903,1;0,0;12903,1;4,226;2,07;0,0;0,0;0,0;0,0;0,0;False;
SEM_OBRA;-;FQ1;FQ1;seca;True;16903,1;17012,0;-0,64;13012,0;4,253;1,44;0,0;2350,1;0,0;212,3;212,3;False;
SEM_OBRA;-;FQ1;FQ1;comportas;True;16903,1;16920,0;-0,1;12920,0;4,23;1,98;0,0;2350,1;0,0;142,8;142,8;True;
SEM_OBRA;-;FQ1;FQ1;convencional;True;16903,1;16920,0;-0,1;12920,0;4,23;1,98;0,0;2350,1;0,0;27,8;27,8;True;
SEM_OBRA;-;FQ2;FQ2;seca;True;16903,1;16918,9;-0,09;12918,9;4,23;1,98;0,0;2204,2;0,0;148,4;148,4;True;
SEM_OBRA;-;FQ2;FQ2;comportas;True;16903,1;16918,9;-0,09;12918,9;4,23;1,98;0,0;2204,2;0,0;89,7;89,7;True;
SEM_OBRA;-;FQ2;FQ2;convencional;True;16903,1;16918,9;-0,09;12918,9;4,23;1,98;0,0;2204,2;0,0;16,6;16,6;True;
SEM_OBRA;-;FQ1+FQ2_INVIAVEL;FQ1+FQ2;seca;False;16903,1;17012,0;-0,64;13012,0;4,253;1,44;0,0;2350,1;0,0;229,5;229,5;True;"incluir apenas como limite teórico; FQ1 e FQ2 interferem por cota"
SEM_OBRA;-;FQ1+FQ2_INVIAVEL;FQ1+FQ2;comportas;False;16903,1;17012,0;-0,64;13012,0;4,253;1,44;0,0;2350,1;0,0;223,5;223,5;True;"incluir apenas como limite teórico; FQ1 e FQ2 interferem por cota"
SEM_OBRA;-;FQ1+FQ2_INVIAVEL;FQ1+FQ2;convencional;False;16903,1;16936,6;-0,2;12936,6;4,234;1,88;0,0;2350,1;0,0;44,4;44,4;True;"incluir apenas como limite teórico; FQ1 e FQ2 interferem por cota"
ALT-A;E02+E04;SEM_FORQUETA;-;seca;True;16903,1;9831,9;41,83;5831,9;2,458;43,04;11088,7;0,0;1669,3;0,0;1669,3;False;
ALT-A;E02+E04;SEM_FORQUETA;-;comportas;True;16903,1;9975,7;40,98;5975,7;2,494;42,21;11088,7;0,0;1568,9;0,0;1568,9;False;
ALT-A;E02+E04;SEM_FORQUETA;-;convencional;True;16903,1;15819,4;6,41;11819,4;3,955;8,35;11088,7;0,0;403,8;0,0;403,8;True;
ALT-A;E02+E04;FQ1;FQ1;seca;True;16903,1;9970,0;41,02;5970,0;2,493;42,24;11088,7;2350,1;1669,3;212,3;1881,6;False;
ALT-A;E02+E04;FQ1;FQ1;comportas;True;16903,1;10005,0;40,81;6005,0;2,501;42,04;11088,7;2350,1;1568,9;142,8;1711,7;True;
ALT-A;E02+E04;FQ1;FQ1;convencional;True;16903,1;15829,8;6,35;11829,8;3,957;8,29;11088,7;2350,1;403,8;27,8;431,5;True;
ALT-A;E02+E04;FQ2;FQ2;seca;True;16903,1;9847,9;41,74;5847,9;2,462;42,95;11088,7;2204,2;1669,3;148,4;1817,7;True;
ALT-A;E02+E04;FQ2;FQ2;comportas;True;16903,1;10003,0;40,82;6003,0;2,501;42,05;11088,7;2204,2;1568,9;89,7;1658,6;True;
ALT-A;E02+E04;FQ2;FQ2;convencional;True;16903,1;15829,1;6,35;11829,1;3,957;8,29;11088,7;2204,2;403,8;16,6;420,4;True;
ALT-A;E02+E04;FQ1+FQ2_INVIAVEL;FQ1+FQ2;seca;False;16903,1;9970,0;41,02;5970,0;2,493;42,24;11088,7;2350,1;1669,3;229,5;1898,8;True;"incluir apenas como limite teórico; FQ1 e FQ2 interferem por cota"
ALT-A;E02+E04;FQ1+FQ2_INVIAVEL;FQ1+FQ2;comportas;False;16903,1;9997,2;40,86;5997,2;2,499;42,08;11088,7;2350,1;1568,9;223,5;1792,3;True;"incluir apenas como limite teórico; FQ1 e FQ2 interferem por cota"
ALT-A;E02+E04;FQ1+FQ2_INVIAVEL;FQ1+FQ2;convencional;False;16903,1;15840,4;6,29;11840,4;3,96;8,23;11088,7;2350,1;403,8;44,4;448,1;True;"incluir apenas como limite teórico; FQ1 e FQ2 interferem por cota"
ALT-B;E02+E04+E01;SEM_FORQUETA;-;seca;True;16903,1;9302,8;44,96;5302,8;2,326;46,1;13637,5;0,0;1840,1;0,0;1840,1;True;
ALT-B;E02+E04+E01;SEM_FORQUETA;-;comportas;True;16903,1;9854,9;41,7;5854,9;2,464;42,91;13637,5;0,0;1666,6;0,0;1666,6;True;
ALT-B;E02+E04+E01;SEM_FORQUETA;-;convencional;True;16903,1;15821,8;6,4;11821,8;3,955;8,34;13637,5;0,0;423,6;0,0;423,6;True;
ALT-B;E02+E04+E01;FQ1;FQ1;seca;True;16903,1;9603,6;43,18;5603,6;2,401;44,36;13637,5;2350,1;1840,1;212,3;2052,4;True;
ALT-B;E02+E04+E01;FQ1;FQ1;comportas;True;16903,1;9868,8;41,62;5868,8;2,467;42,83;13637,5;2350,1;1666,6;142,8;1809,5;True;
ALT-B;E02+E04+E01;FQ1;FQ1;convencional;True;16903,1;15832,2;6,34;11832,2;3,958;8,28;13637,5;2350,1;423,6;27,8;451,3;True;
ALT-B;E02+E04+E01;FQ2;FQ2;seca;True;16903,1;9308,5;44,93;5308,5;2,327;46,07;13637,5;2204,2;1840,1;148,4;1988,5;True;
ALT-B;E02+E04+E01;FQ2;FQ2;comportas;True;16903,1;9868,0;41,62;5868,0;2,467;42,83;13637,5;2204,2;1666,6;89,7;1756,4;True;
ALT-B;E02+E04+E01;FQ2;FQ2;convencional;True;16903,1;15831,5;6,34;11831,5;3,958;8,28;13637,5;2204,2;423,6;16,6;440,2;True;
ALT-B;E02+E04+E01;FQ1+FQ2_INVIAVEL;FQ1+FQ2;seca;False;16903,1;9603,6;43,18;5603,6;2,401;44,36;13637,5;2350,1;1840,1;229,5;2069,6;True;"incluir apenas como limite teórico; FQ1 e FQ2 interferem por cota"
ALT-B;E02+E04+E01;FQ1+FQ2_INVIAVEL;FQ1+FQ2;comportas;False;16903,1;9995,4;40,87;5995,4;2,499;42,09;13637,5;2350,1;1666,6;223,5;1890,1;True;"incluir apenas como limite teórico; FQ1 e FQ2 interferem por cota"
ALT-B;E02+E04+E01;FQ1+FQ2_INVIAVEL;FQ1+FQ2;convencional;False;16903,1;15842,4;6,27;11842,4;3,961;8,22;13637,5;2350,1;423,6;44,4;467,9;True;"incluir apenas como limite teórico; FQ1 e FQ2 interferem por cota"
ALT-C;E02+E04+E05;SEM_FORQUETA;-;seca;True;16903,1;9595,3;43,23;5595,3;2,399;44,41;11514,0;0,0;1726,0;0,0;1726,0;False;
ALT-C;E02+E04+E05;SEM_FORQUETA;-;comportas;True;16903,1;9721,4;42,49;5721,4;2,43;43,68;11514,0;0,0;1617,9;0,0;1617,9;True;
ALT-C;E02+E04+E05;SEM_FORQUETA;-;convencional;True;16903,1;15810,0;6,47;11810,0;3,952;8,41;11514,0;0,0;413,2;0,0;413,2;True;
ALT-C;E02+E04+E05;FQ1;FQ1;seca;True;16903,1;9724,1;42,47;5724,1;2,431;43,66;11514,0;2350,1;1726,0;212,3;1938,3;False;
ALT-C;E02+E04+E05;FQ1;FQ1;comportas;True;16903,1;9753,9;42,3;5753,9;2,438;43,49;11514,0;2350,1;1617,9;142,8;1760,7;True;
ALT-C;E02+E04+E05;FQ1;FQ1;convencional;True;16903,1;15820,3;6,41;11820,3;3,955;8,35;11514,0;2350,1;413,2;27,8;440,9;True;
ALT-C;E02+E04+E05;FQ2;FQ2;seca;True;16903,1;9611,8;43,14;5611,8;2,403;44,31;11514,0;2204,2;1726,0;148,4;1874,4;True;
ALT-C;E02+E04+E05;FQ2;FQ2;comportas;True;16903,1;9751,8;42,31;5751,8;2,438;43,5;11514,0;2204,2;1617,9;89,7;1707,6;True;
ALT-C;E02+E04+E05;FQ2;FQ2;convencional;True;16903,1;15819,7;6,41;11819,7;3,955;8,35;11514,0;2204,2;413,2;16,6;429,8;True;
ALT-C;E02+E04+E05;FQ1+FQ2_INVIAVEL;FQ1+FQ2;seca;False;16903,1;9724,1;42,47;5724,1;2,431;43,66;11514,0;2350,1;1726,0;229,5;1955,5;True;"incluir apenas como limite teórico; FQ1 e FQ2 interferem por cota"
ALT-C;E02+E04+E05;FQ1+FQ2_INVIAVEL;FQ1+FQ2;comportas;False;16903,1;9728,3;42,45;5728,3;2,432;43,64;11514,0;2350,1;1617,9;223,5;1841,3;True;"incluir apenas como limite teórico; FQ1 e FQ2 interferem por cota"
ALT-C;E02+E04+E05;FQ1+FQ2_INVIAVEL;FQ1+FQ2;convencional;False;16903,1;15830,6;6,35;11830,6;3,958;8,29;11514,0;2350,1;413,2;44,4;457,5;True;"incluir apenas como limite teórico; FQ1 e FQ2 interferem por cota"
ALT-D;E02+E04+E08;SEM_FORQUETA;-;seca;True;16903,1;8942,6;47,09;4942,6;2,236;48,19;11950,5;0,0;1844,7;0,0;1844,7;False;
ALT-D;E02+E04+E08;SEM_FORQUETA;-;comportas;True;16903,1;9466,0;44,0;5466,0;2,366;45,16;11950,5;0,0;1690,8;0,0;1690,8;False;
ALT-D;E02+E04+E08;SEM_FORQUETA;-;convencional;True;16903,1;15798,7;6,53;11798,7;3,95;8,47;11950,5;0,0;468,1;0,0;468,1;True;
ALT-D;E02+E04+E08;FQ1;FQ1;seca;True;16903,1;9098,6;46,17;5098,6;2,275;47,29;11950,5;2350,1;1844,7;212,3;2057,0;False;
ALT-D;E02+E04+E08;FQ1;FQ1;comportas;True;16903,1;9503,7;43,78;5503,7;2,376;44,94;11950,5;2350,1;1690,8;142,8;1833,6;True;
ALT-D;E02+E04+E08;FQ1;FQ1;convencional;True;16903,1;15809,0;6,47;11809,0;3,952;8,41;11950,5;2350,1;468,1;27,8;495,9;True;
ALT-D;E02+E04+E08;FQ2;FQ2;seca;True;16903,1;8958,7;47,0;4958,7;2,24;48,1;11950,5;2204,2;1844,7;148,4;1993,1;True;
ALT-D;E02+E04+E08;FQ2;FQ2;comportas;True;16903,1;9501,3;43,79;5501,3;2,375;44,96;11950,5;2204,2;1690,8;89,7;1780,5;True;
ALT-D;E02+E04+E08;FQ2;FQ2;convencional;True;16903,1;15808,4;6,48;11808,4;3,952;8,41;11950,5;2204,2;468,1;16,6;484,7;True;
ALT-D;E02+E04+E08;FQ1+FQ2_INVIAVEL;FQ1+FQ2;seca;False;16903,1;9098,6;46,17;5098,6;2,275;47,29;11950,5;2350,1;1844,7;229,5;2074,2;True;"incluir apenas como limite teórico; FQ1 e FQ2 interferem por cota"
ALT-D;E02+E04+E08;FQ1+FQ2_INVIAVEL;FQ1+FQ2;comportas;False;16903,1;9452,4;44,08;5452,4;2,363;45,24;11950,5;2350,1;1690,8;223,5;1914,3;True;"incluir apenas como limite teórico; FQ1 e FQ2 interferem por cota"
ALT-D;E02+E04+E08;FQ1+FQ2_INVIAVEL;FQ1+FQ2;convencional;False;16903,1;15819,3;6,41;11819,3;3,955;8,35;11950,5;2350,1;468,1;44,4;512,5;True;"incluir apenas como limite teórico; FQ1 e FQ2 interferem por cota"
ALT-E;E02+E04+E12;SEM_FORQUETA;-;seca;True;16903,1;7073,3;58,15;3073,3;1,768;59,02;15759,8;0,0;2331,6;0,0;2331,6;False;
ALT-E;E02+E04+E12;SEM_FORQUETA;-;comportas;True;16903,1;8301,3;50,89;4301,3;2,075;51,91;15759,8;0,0;2076,6;0,0;2076,6;True;
ALT-E;E02+E04+E12;SEM_FORQUETA;-;convencional;True;16903,1;15802,3;6,51;11802,3;3,951;8,45;15759,8;0,0;500,9;0,0;500,9;True;
ALT-E;E02+E04+E12;FQ1;FQ1;seca;True;16903,1;7045,3;58,32;3045,3;1,761;59,18;15759,8;2350,1;2331,6;212,3;2543,9;False;
ALT-E;E02+E04+E12;FQ1;FQ1;comportas;True;16903,1;7887,0;53,34;3887,0;1,972;54,31;15759,8;2350,1;2076,6;142,8;2219,4;True;
ALT-E;E02+E04+E12;FQ1;FQ1;convencional;True;16903,1;15812,6;6,45;11812,6;3,953;8,39;15759,8;2350,1;500,9;27,8;528,6;True;
ALT-E;E02+E04+E12;FQ2;FQ2;seca;True;16903,1;7123,7;57,86;3123,7;1,781;58,73;15759,8;2204,2;2331,6;148,4;2480,1;True;
ALT-E;E02+E04+E12;FQ2;FQ2;comportas;True;16903,1;8319,7;50,78;4319,7;2,08;51,8;15759,8;2204,2;2076,6;89,7;2166,3;True;
ALT-E;E02+E04+E12;FQ2;FQ2;convencional;True;16903,1;15812,0;6,45;11812,0;3,953;8,39;15759,8;2204,2;500,9;16,6;517,5;True;
ALT-E;E02+E04+E12;FQ1+FQ2_INVIAVEL;FQ1+FQ2;seca;False;16903,1;7045,3;58,32;3045,3;1,761;59,18;15759,8;2350,1;2331,6;229,5;2561,1;True;"incluir apenas como limite teórico; FQ1 e FQ2 interferem por cota"
ALT-E;E02+E04+E12;FQ1+FQ2_INVIAVEL;FQ1+FQ2;comportas;False;16903,1;7402,8;56,2;3402,8;1,851;57,11;15759,8;2350,1;2076,6;223,5;2300,0;True;"incluir apenas como limite teórico; FQ1 e FQ2 interferem por cota"
ALT-E;E02+E04+E12;FQ1+FQ2_INVIAVEL;FQ1+FQ2;convencional;False;16903,1;15822,9;6,39;11822,9;3,956;8,33;15759,8;2350,1;500,9;44,4;545,3;True;"incluir apenas como limite teórico; FQ1 e FQ2 interferem por cota"
ALT-F;E02;SEM_FORQUETA;-;seca;True;16903,1;14622,9;13,49;10622,9;3,656;15,28;3591,2;0,0;538,1;0,0;538,1;False;
ALT-F;E02;SEM_FORQUETA;-;comportas;True;16903,1;14641,3;13,38;10641,3;3,66;15,18;3591,2;0,0;508,1;0,0;508,1;False;
ALT-F;E02;SEM_FORQUETA;-;convencional;True;16903,1;16278,0;3,7;12278,0;4,07;5,69;3591,2;0,0;170,8;0,0;170,8;True;
ALT-F;E02;FQ1;FQ1;seca;True;16903,1;14736,9;12,82;10736,9;3,684;14,62;3591,2;2350,1;538,1;212,3;750,4;False;
ALT-F;E02;FQ1;FQ1;comportas;True;16903,1;14659,8;13,27;10659,8;3,665;15,07;3591,2;2350,1;508,1;142,8;650,9;True;
ALT-F;E02;FQ1;FQ1;convencional;True;16903,1;16292,0;3,62;12292,0;4,073;5,61;3591,2;2350,1;170,8;27,8;198,5;True;
ALT-F;E02;FQ2;FQ2;seca;True;16903,1;14638,8;13,4;10638,8;3,66;15,19;3591,2;2204,2;538,1;148,4;686,5;True;
ALT-F;E02;FQ2;FQ2;comportas;True;16903,1;14658,7;13,28;10658,7;3,665;15,08;3591,2;2204,2;508,1;89,7;597,8;True;
ALT-F;E02;FQ2;FQ2;convencional;True;16903,1;16291,1;3,62;12291,1;4,073;5,62;3591,2;2204,2;170,8;16,6;187,4;True;
ALT-F;E02;FQ1+FQ2_INVIAVEL;FQ1+FQ2;seca;False;16903,1;14736,9;12,82;10736,9;3,684;14,62;3591,2;2350,1;538,1;229,5;767,6;True;"incluir apenas como limite teórico; FQ1 e FQ2 interferem por cota"
ALT-F;E02;FQ1+FQ2_INVIAVEL;FQ1+FQ2;comportas;False;16903,1;14739,8;12,8;10739,8;3,685;14,61;3591,2;2350,1;508,1;223,5;731,6;True;"incluir apenas como limite teórico; FQ1 e FQ2 interferem por cota"
ALT-F;E02;FQ1+FQ2_INVIAVEL;FQ1+FQ2;convencional;False;16903,1;16305,8;3,53;12305,8;4,076;5,53;3591,2;2350,1;170,8;44,4;215,1;True;"incluir apenas como limite teórico; FQ1 e FQ2 interferem por cota"
ALT-G;E04;SEM_FORQUETA;-;seca;True;16903,1;12112,1;28,34;8112,1;3,028;29,83;7497,5;0,0;1131,2;0,0;1131,2;False;
ALT-G;E04;SEM_FORQUETA;-;comportas;True;16903,1;12191,8;27,87;8191,8;3,048;29,37;7497,5;0,0;1060,8;0,0;1060,8;False;
ALT-G;E04;SEM_FORQUETA;-;convencional;True;16903,1;16360,7;3,21;12360,7;4,09;5,22;7497,5;0,0;233,0;0,0;233,0;True;
ALT-G;E04;FQ1;FQ1;seca;True;16903,1;12241,2;27,58;8241,2;3,06;29,08;7497,5;2350,1;1131,2;212,3;1343,5;False;
ALT-G;E04;FQ1;FQ1;comportas;True;16903,1;12212,1;27,75;8212,1;3,053;29,25;7497,5;2350,1;1060,8;142,8;1203,6;True;
ALT-G;E04;FQ1;FQ1;convencional;True;16903,1;16373,4;3,13;12373,4;4,093;5,14;7497,5;2350,1;233,0;27,8;260,7;True;
ALT-G;E04;FQ2;FQ2;seca;True;16903,1;12128,0;28,25;8128,0;3,032;29,74;7497,5;2204,2;1131,2;148,4;1279,6;True;
ALT-G;E04;FQ2;FQ2;comportas;True;16903,1;12210,8;27,76;8210,8;3,053;29,26;7497,5;2204,2;1060,8;89,7;1150,5;True;
ALT-G;E04;FQ2;FQ2;convencional;True;16903,1;16372,6;3,14;12372,6;4,093;5,15;7497,5;2204,2;233,0;16,6;249,6;True;
ALT-G;E04;FQ1+FQ2_INVIAVEL;FQ1+FQ2;seca;False;16903,1;12241,2;27,58;8241,2;3,06;29,08;7497,5;2350,1;1131,2;229,5;1360,7;True;"incluir apenas como limite teórico; FQ1 e FQ2 interferem por cota"
ALT-G;E04;FQ1+FQ2_INVIAVEL;FQ1+FQ2;comportas;False;16903,1;12268,3;27,42;8268,3;3,067;28,92;7497,5;2350,1;1060,8;223,5;1284,2;True;"incluir apenas como limite teórico; FQ1 e FQ2 interferem por cota"
ALT-G;E04;FQ1+FQ2_INVIAVEL;FQ1+FQ2;convencional;False;16903,1;16386,9;3,05;12386,9;4,097;5,06;7497,5;2350,1;233,0;44,4;277,4;True;"incluir apenas como limite teórico; FQ1 e FQ2 interferem por cota"
ALT-H;E12;SEM_FORQUETA;-;seca;True;16903,1;16738,4;0,97;12738,4;4,185;3,03;15759,8;0,0;976,5;0,0;976,5;True;
ALT-H;E12;SEM_FORQUETA;-;comportas;True;16903,1;16884,5;0,11;12884,5;4,221;2,18;15759,8;0,0;508,8;0,0;508,8;True;
ALT-H;E12;SEM_FORQUETA;-;convencional;True;16903,1;16884,5;0,11;12884,5;4,221;2,18;15759,8;0,0;97,1;0,0;97,1;True;
ALT-H;E12;FQ1;FQ1;seca;True;16903,1;16947,9;-0,27;12947,9;4,237;1,81;15759,8;2350,1;976,5;212,3;1188,7;True;
ALT-H;E12;FQ1;FQ1;comportas;True;16903,1;16901,4;0,01;12901,4;4,225;2,08;15759,8;2350,1;508,8;142,8;651,6;True;
ALT-H;E12;FQ1;FQ1;convencional;True;16903,1;16901,4;0,01;12901,4;4,225;2,08;15759,8;2350,1;97,1;27,8;124,9;True;
ALT-H;E12;FQ2;FQ2;seca;True;16903,1;16748,1;0,92;12748,1;4,187;2,97;15759,8;2204,2;976,5;148,4;1124,9;True;
ALT-H;E12;FQ2;FQ2;comportas;True;16903,1;16900,3;0,02;12900,3;4,225;2,09;15759,8;2204,2;508,8;89,7;598,5;True;
ALT-H;E12;FQ2;FQ2;convencional;True;16903,1;16900,3;0,02;12900,3;4,225;2,09;15759,8;2204,2;97,1;16,6;113,7;True;
ALT-H;E12;FQ1+FQ2_INVIAVEL;FQ1+FQ2;seca;False;16903,1;16947,9;-0,27;12947,9;4,237;1,81;15759,8;2350,1;976,5;229,5;1206,0;True;"incluir apenas como limite teórico; FQ1 e FQ2 interferem por cota"
ALT-H;E12;FQ1+FQ2_INVIAVEL;FQ1+FQ2;comportas;False;16903,1;17007,5;-0,62;13007,5;4,252;1,47;15759,8;2350,1;508,8;223,5;732,3;True;"incluir apenas como limite teórico; FQ1 e FQ2 interferem por cota"
ALT-H;E12;FQ1+FQ2_INVIAVEL;FQ1+FQ2;convencional;False;16903,1;16918,0;-0,09;12918,0;4,23;1,99;15759,8;2350,1;97,1;44,4;141,5;True;"incluir apenas como limite teórico; FQ1 e FQ2 interferem por cota"
ALT-I;E02+E04+E01+E05+E08;SEM_FORQUETA;-;seca;True;16903,1;8601,5;49,11;4601,5;2,15;50,17;14499,3;0,0;2072,2;0,0;2072,2;True;
ALT-I;E02+E04+E01+E05+E08;SEM_FORQUETA;-;comportas;True;16903,1;9309,6;44,92;5309,6;2,327;46,07;14499,3;0,0;1837,6;0,0;1837,6;True;
ALT-I;E02+E04+E01+E05+E08;SEM_FORQUETA;-;convencional;True;16903,1;15801,1;6,52;11801,1;3,95;8,46;14499,3;0,0;497,3;0,0;497,3;True;
ALT-I;E02+E04+E01+E05+E08;FQ1;FQ1;seca;True;16903,1;8917,4;47,24;4917,4;2,229;48,34;14499,3;2350,1;2072,2;212,3;2284,5;True;
ALT-I;E02+E04+E01+E05+E08;FQ1;FQ1;comportas;True;16903,1;9323,6;44,84;5323,6;2,331;45,98;14499,3;2350,1;1837,6;142,8;1980,4;True;
ALT-I;E02+E04+E01+E05+E08;FQ1;FQ1;convencional;True;16903,1;15811,5;6,46;11811,5;3,953;8,4;14499,3;2350,1;497,3;27,8;525,1;True;
ALT-I;E02+E04+E01+E05+E08;FQ2;FQ2;seca;True;16903,1;8605,6;49,09;4605,6;2,151;50,14;14499,3;2204,2;2072,2;148,4;2220,6;True;
ALT-I;E02+E04+E01+E05+E08;FQ2;FQ2;comportas;True;16903,1;9322,7;44,85;5322,7;2,331;45,99;14499,3;2204,2;1837,6;89,7;1927,3;True;
ALT-I;E02+E04+E01+E05+E08;FQ2;FQ2;convencional;True;16903,1;15810,8;6,46;11810,8;3,953;8,4;14499,3;2204,2;497,3;16,6;513,9;True;
ALT-I;E02+E04+E01+E05+E08;FQ1+FQ2_INVIAVEL;FQ1+FQ2;seca;False;16903,1;8917,4;47,24;4917,4;2,229;48,34;14499,3;2350,1;2072,2;229,5;2301,7;True;"incluir apenas como limite teórico; FQ1 e FQ2 interferem por cota"
ALT-I;E02+E04+E01+E05+E08;FQ1+FQ2_INVIAVEL;FQ1+FQ2;comportas;False;16903,1;9450,1;44,09;5450,1;2,363;45,25;14499,3;2350,1;1837,6;223,5;2061,1;True;"incluir apenas como limite teórico; FQ1 e FQ2 interferem por cota"
ALT-I;E02+E04+E01+E05+E08;FQ1+FQ2_INVIAVEL;FQ1+FQ2;convencional;False;16903,1;15821,7;6,4;11821,7;3,955;8,34;14499,3;2350,1;497,3;44,4;541,7;True;"incluir apenas como limite teórico; FQ1 e FQ2 interferem por cota"
ALT-J;E02+E04+E01+E05+E08+E12;SEM_FORQUETA;-;seca;True;16903,1;7005,2;58,56;3005,2;1,751;59,42;15759,8;0,0;2602,2;0,0;2602,2;True;
ALT-J;E02+E04+E01+E05+E08+E12;SEM_FORQUETA;-;comportas;True;16903,1;8301,3;50,89;4301,3;2,075;51,91;15759,8;0,0;2345,0;0,0;2345,0;True;
ALT-J;E02+E04+E01+E05+E08+E12;SEM_FORQUETA;-;convencional;True;16903,1;15804,2;6,5;11804,2;3,951;8,44;15759,8;0,0;594,4;0,0;594,4;True;
ALT-J;E02+E04+E01+E05+E08+E12;FQ1;FQ1;seca;True;16903,1;6877,2;59,31;2877,2;1,719;60,16;15759,8;2350,1;2602,2;212,3;2814,5;True;
ALT-J;E02+E04+E01+E05+E08+E12;FQ1;FQ1;comportas;True;16903,1;7887,0;53,34;3887,0;1,972;54,31;15759,8;2350,1;2345,0;142,8;2487,8;True;
ALT-J;E02+E04+E01+E05+E08+E12;FQ1;FQ1;convencional;True;16903,1;15814,6;6,44;11814,6;3,954;8,38;15759,8;2350,1;594,4;27,8;622,2;True;
ALT-J;E02+E04+E01+E05+E08+E12;FQ2;FQ2;seca;True;16903,1;6802,4;59,76;2802,4;1,701;60,59;15759,8;2204,2;2602,2;148,4;2750,6;True;
ALT-J;E02+E04+E01+E05+E08+E12;FQ2;FQ2;comportas;True;16903,1;8319,7;50,78;4319,7;2,08;51,8;15759,8;2204,2;2345,0;89,7;2434,8;True;
ALT-J;E02+E04+E01+E05+E08+E12;FQ2;FQ2;convencional;True;16903,1;15813,9;6,44;11813,9;3,953;8,38;15759,8;2204,2;594,4;16,6;611,1;True;
ALT-J;E02+E04+E01+E05+E08+E12;FQ1+FQ2_INVIAVEL;FQ1+FQ2;seca;False;16903,1;6877,2;59,31;2877,2;1,719;60,16;15759,8;2350,1;2602,2;229,5;2831,7;True;"incluir apenas como limite teórico; FQ1 e FQ2 interferem por cota"
ALT-J;E02+E04+E01+E05+E08+E12;FQ1+FQ2_INVIAVEL;FQ1+FQ2;comportas;False;16903,1;7045,3;58,32;3045,3;1,761;59,18;15759,8;2350,1;2345,0;223,5;2568,5;True;"incluir apenas como limite teórico; FQ1 e FQ2 interferem por cota"
ALT-J;E02+E04+E01+E05+E08+E12;FQ1+FQ2_INVIAVEL;FQ1+FQ2;convencional;False;16903,1;15824,8;6,38;11824,8;3,956;8,32;15759,8;2350,1;594,4;44,4;638,8;True;"incluir apenas como limite teórico; FQ1 e FQ2 interferem por cota"
